feature	Acidaminococcaceae	Actinomycetaceae	Akkermansiaceae	Bacteroidaceae	Barnesiellaceae	Candidatus	Christensenellaceae	Clostridia	Clostridiaceae	Coprobacillaceae	Eggerthellaceae	Enterobacteriaceae	Erysipelotrichaceae	Eubacteriaceae	Evtepia	Intestinimonas	Lachnospiraceae	Lactobacillaceae	Odoribacteraceae	Oscillospiraceae	Peptostreptococcaceae	Rikenellaceae	Staphylococcaceae	Streptococcaceae	Sutterellaceae	Tannerellaceae	Bifidobacteriaceae	Coriobacteriaceae	Desulfovibrionaceae	Enterococcaceae	Eubacteriales.Family.XIII..Incertae.Sedis	Veillonellaceae	Clostridiales	Atopobiaceae	Micrococcaceae	Peptoniphilaceae	Prevotellaceae	Gemmiger
201209-MICU-020-01	0.018304886753174	0.000317594076120358	0.42574147028512	0.134396964115938	0.0630082236269142	0.0050050944734308	0.0027432855806441	0.0055692117335373	0.00316602389253369	0.00208305097804482	0.00360478176150541	0.0349787028888347	0.0747921335329251	0.000369975484992091	0.00732335323403073	0.000290640535632962	0.0329552802621512	0.00283914864445305	0.00750681530442371	0.0687479292179684	0.000742748035506458	0.0417144180845034	0.00966271712538965	0.00763319181029386	0.00849812075338705	0.0375113185799146	0	0	0	0	0	0	0	0	0	0	0	0
201209-MICU-021-01	0.0057224533397528	0	0.13287484296128	0.328921153397678	0	0	0.000261292369109324	0.00745390396377013	0.00360814168967394	0.00167076659971363	0.00797157379754104	0.00727486101603112	0	0.00582416177056925	0	0.00155792440576047	0.0344017232256819	0.00135681454009283	0.00391587489060576	0.0393963694904799	0.00054725956462974	0.278135546043377	0	0.000481760940050704	0	0.0169750769207622	0.00742471544960092	0.038410580084105	0.00576297622540354	0.0497883832722732	0.000250058301800209	0.0200117857402573	0	0	0	0	0	0
201209-MICU-025-01	0	0	0	0	0	0	0	0	0	0	0	0	0	0	0	0	0	0.334445067380395	0	0	0	0	0	0.650146083837383	0	0	0.000683102074101216	0	0	0	0	0.0134354427903735	0	0	0	0	0	0
201209-MICU-031-01	0.0103818915002986	0	0	0.230495737937218	0	0	0	0.0885126713307124	0.0160998874057365	0.00235131594756591	0.00478539695530428	0.000116208900813564	0.213128024936268	0	0.00289294851821828	0	0.249133866460433	0.000419342971540418	0.00673403554888831	0.0502145191535803	0	0.0712718647553606	0	0.000297278583476558	0.000345135931195322	0.0288405268181879	0	0	0	0.00188389041725864	0.00717905257991079	0.0144524685889706	0.000463934759061901	0	0	0	0	0
201209-MICU-032-01	0	0	0.0148511992275789	0.00548383840600382	0	0.00395936011937416	0.0034809857145992	0.107027714994185	0.0267522766671787	0.00847644335213184	0.0146833731978671	0	0.00149726799938557	0.00484501108160892	0.00447846217989511	0	0.12939527330978	0	0.000288955695508108	0.150490970134515	0.0205004059599307	0.0160842641153365	0	0	0	0.00231164556406487	0.363328959206513	0.06240126396173	0.00333106580939633	0.000206447082574444	0.0434093612165632	0	0.00324838164622238	0	0	0	0	0
201209-MICU-033-01	0.000276360205488702	0.140503043488596	0	0	0	0.000419503298690789	0.000316717154210823	0.00486634274882279	0.00399964788888752	0.00392363577187693	0.0164101279485061	0.101325327420235	0.00378401901400007	0.0479757920998073	0.00153682917674176	0	0.103232813621162	0.0783532118515167	0	0.00136913234127508	0.0146089542273838	0	0.00425785399770187	0.0450860256032841	0.0193015923101859	0	0.0836698806818731	0.105597286759238	0.00142881883177996	0.0565321182539573	0.0340352743240733	0.00344614384783785	0	0.0659530495878498	0.0021991271928255	0.0154730369870782	0	0
201209-MICU-034-01	0.00455912156528907	0.00438626749511032	0	0.0225444730101989	0	0	0	0	0	0.00862119221448975	0	0.0391989244861919	0.00151164575658532	0	0	0	0.0117647687764961	0.0176046397189123	0	0	0	0.0857535661016621	0	0	0	0.132460314207459	0.00132020796457586	0	0	0.593975335582558	0	0	0	0.000345453568825577	0	0	0	0
201209-MICU-036-01	0.00132187067304967	0.00800747283158778	0	0.00407672383001962	0.000147211903268847	0	0.000944113008359027	0.00385641205117801	0.000152610047926528	0.056468304343797	0.00377071650473732	0.08647152973523	0.00593469774438525	0.00433133631970692	0.00179015972210351	0.000104589052742572	0.232298134131299	0.168716874510231	0.000191859058041751	0.00358031944420703	0	0.000318827918844293	0	0.0329475759181569	0.000223235773864523	0.000489881627684565	0.189931583014918	0.077265668789637	0.00583921806075252	0.0763109844146567	0.00188890078480026	0.0237752284539804	0	0.00433099893566581	0	0.000534303859763399	0	0
201209-MICU-037-01	0.00121460111711428	0	0	0.393368358709353	0	0	0.00955822167222358	0.00144625300269217	0.0113917957297264	0.040190592037797	0.0539985708066323	0	0.000193941113507067	0.0113681142627415	0.00226073833875744	0	0.122742165727395	0	0	0.0151212339593134	0	0.0364388191545133	0	0	0.0157846517382141	0.273524198474936	0	0	0.00140315497746837	0.0067659410223727	0	0	0.00304301239034555	0	0	0.000185635764896232	0	0
201209-MICU-038-01	0.00123876372753318	0	0	0.380705354451707	0	0	0.0105306361219793	0.00152475274719318	0.0105715949537755	0.0396868191347134	0.0585187262574301	0	0.000277074450386688	0.0126541106163124	0.00251595647666346	0	0.125233314757298	0	0	0.0159011822405397	0.000100228670748576	0.0339060823624283	0	0	0.0160303230278503	0.27806987046649	0	0	0.00149752717076388	0.00733404023458328	0	0	0.00306299781544866	0	0	0.000453558828567773	0	0
201209-MICU-040-01	0	0	0	0	0	0	0	0	0	0	0	0	0	0	0	0	0	0.00296508017370311	0	0	0	0	0.0149547878245522	0.000108648977020291	0	0	0	0	0	0.981788222405808	0	0	0	0	0	0	0	0
201209-MICU-042-01	0.02208076339231	0	0	0.0666366545283342	0	0	0	0	0.000773196814506784	0.00512151882452728	0.000557085149937326	0.0519527102538372	0	0	0	0	0.255812020468117	0.0480824791805958	0	0.0112448444444984	0.000738007380073801	0.00239045468389574	0	0.119415588434082	0.0127230433764384	0.00967418224001378	0	0.047078973584869	0.00211197278036575	0.27090950126864	0.0013465419100097	0.0191870997960226	0	0.00579849073729146	0.00181456138796837	0.00542524004654713	0.0316245020391671	0
201209-MICU-046-01	0	0	0	0	0	0	0	0	0	0	0	0.000366114229579674	0	0	0	0	0	0	0	0	0	0	0	0.00400356025994942	0	0	0.003185692666089	0	0	0.992444632844382	0	0	0	0	0	0	0	0
201209-MICU-048-01	0	0	0	0	0	0	0	0	0	0	0	0	0	0	0	0	0	0.92431978919485	0	0	0	0	0	0.0756802108051498	0	0	0	0	0	0	0	0	0	0	0	0	0	0
201209-MICU-050-01	0.012357876012087	0	0.32209620023385	0.0632026824169693	0	0	0.000319088408338336	0.0276654412542894	0	0.0107685723212025	0.0211574135614373	0.0953079504766324	0.00180658014273147	0	0.000443337095366265	0	0.137888314188734	0.0056042084533134	0.00137890642528696	0.0302119043365543	0.00518373142302212	0.0033169319421996	0	0.027351221193143	0	0.164089335440975	0.0522774763165492	0	0	0.0175728283573181	0	0	0	0	0	0	0	0
201209-MICU-051-02	0.0151561192474393	0.00107789789073695	0	0.0388778766943324	0.00908768246019602	0.0156952751889461	0.00221623865385167	0.0332548955966677	0.0375860827940394	0.00823223641939736	0.0419505273709614	0	0.00913391159774523	0.00763042964670451	0.00914412340723372	0.00523589831908096	0.404166997860488	0.000391774691051364	0.000510038484722029	0.108344262729435	0.00400923920363342	0.125663077629624	0	0	0	0.00751464980669321	0.00320664617680893	0.0621936457153455	0.00624327952537717	0	0	0	0.00134036899407605	0.00133070917428964	0	0	0	0.0150041840819418
201209-MICU-053-01	0	0	0.507638828858335	0	0	0	0	0	0	0	0	0.422060792452019	0	0	0	0	0	0.00329988802864259	0	0	0	0	0	0	0	0	0	0	0	0.00494354151726668	0	0.00918122517525202	0	0	0	0	0.00193991695694399	0
201209-MICU-055-01	0.0074558228218665	0.0043190035052303	0.00170321208094169	0.0209450641560358	0.00407621222088644	0.000818548225658521	0.00161267039926127	0.259180981618753	0.0539927779693907	0.00154912593301091	0.0177893284231459	0.0221164127275526	0.0442067465123087	0.0322717734378989	0.00912689536062954	0.000885398473390112	0.215743012955358	0.00316730596807423	0.00801762201914929	0.035585452063781	0.0313433998052527	0.0150087988883759	0.00288998763270417	0.0253026351118805	0.000421119829803677	0.00883580293575434	0.0521211546874328	0.0476647775962047	0.00816472929506414	0.00260073175309632	0.00187970408113416	0	0	0	0.00090890625281221	0	0	0.000993203680583639
201209-MICU-071-01	0.00499092671822424	0.000166212242671532	0	0.0404140301370567	0	0	0	0.000487859874375046	0.00022106366440104	0.0158397642134956	0.00262844696972837	0.0979441908199445	0.00548983977581934	0.00191524032245451	0.000491590323711814	0	0.0574433931946104	0	0.000501814518190362	0.000226866585591568	0	0.0117665280321161	0	0.00104563113261692	0.0458563412250298	0.0136884002645027	0	0	0.00633969140065109	0.686572896986819	0	0.00529848154132219	0	0	0.000670790056666907	0	0	0
201209-MICU-074-01	0	0.00128838185374322	0	0.117163205735653	0	0	0.000118184898728383	0.00974692499301473	0.0159409313302935	0.00882867351124481	0.0107347319735332	0.0182850110872654	0.00363495847477276	0.00101337011253723	0.00778867018209273	0	0.50858980684973	0	0	0.0847556937417886	0.00359096610804287	0	0	0.003413094268508	0	0.0144297340839779	0.0610438080743828	0.0836779996551949	0.00403600240174543	0	0.000773908959580527	0.010543305729114	0.0030115747483815	0	0	0	0	0.0178211888639863
210121-MICU-116-01	0.0034199180896833	0.000241498199587997	0.000402994677210471	0.0223676354091354	0	0.00677103221008676	0	0.00464171732716611	0.00268534551350219	0.000228060896365172	0.00207581450897792	0	0.00098390920264909	0.000212881720502351	0.00142883324269375	0	0.0643174030371042	0.0010682656062146	0.00392941583688209	0.0479227733299889	0	0.00529491956716456	0	0.00386509096867653	0.00120848635373427	0.00320280610705524	0.00803973758937517	0.0175139072977869	0.00247793824986839	0.793389269840583	0.000664275573209849	0	0.00103218395867183	0	0	0.00022134224475376	0	0
210121-MICU-122-01	0.00192867720296408	0.00498586612239234	0.0239639926958667	0.0908454073142121	0	0.00179919458097382	0.000132195047368226	0.102073278027456	0.00122573075237969	0.00481812402664972	0.0234340704325505	0.0145253234174675	0.01636491886065	0.0107878867650915	0	0.000117348087404624	0.135929057799072	0.000953631659200597	0.0144626521153135	0.0476331875809177	0	0.0557382001287403	0	0.123786385937302	0.00309059457934637	0.0214501454074141	0.131841861032169	0.112392628998311	0.0124881491993848	0.0158918147710406	0.000437414282004585	0	0.000738350739728366	0	0	0	0	0
210122-MICU-082-01	0	0	0	0.0177288818262924	0	0	0	0	0	0	0	0.0725212174747301	0	0	0	0	0	0.00410421906809974	0	0	0	0	0	0.00962208829715687	0	0	0	0	0	0.895182983058964	0	0.000840610274756488	0	0	0	0	0	0
210122-MICU-084-01	0.00990166181069379	0.000729016844249871	0	0.0427574849716256	0.000308495562565841	0	0.00139097511917929	0.0419021940962577	0.0119555102340135	0.00159816387624151	0.0617188510004341	0.0813527634993279	0.0221959942896948	0.000186012366750505	0.0057376253083485	0	0.493571854433493	0.0220714195985401	0.00145594219316031	0.0157488291874449	0	0.0257085299938079	0	0.0153203340797793	0	0.00953303575711935	0.061214147031338	0.0299558341543542	0.0371965910194589	0	0.00221620074904291	0	0.00106064957400815	0	0.000510717018196924	0.00270116623087311	0	0
210122-MICU-094-01	0	0.00192412992038567	0	0.000117107143906287	0	0	0	0.0513884672884681	0.0231213169141619	0.0210504391716383	0.0119613369110338	0.00221193561303671	0.00166980231520162	0	0	0.0221451593993634	0.552218538603411	0.221688454770575	0	0.0679779843862434	0	0	0	0.0111448950150995	0	0	0.00874413240279247	0	0	0	0	0	0.000618352184716472	0.000633172523832296	0	0.00022561319814714	0	0
210122-MICU-097-01	0.0702718182614328	0	0.00137850321760026	0.321481257554605	0	0.00188499250920368	0	0.0210218813677037	0.0132154366134389	0.0026661521378625	0.0193346374515463	0	0.000507543014124097	0.00639305161320235	0	0.000617364316834224	0.399144939298558	0.00642068255929999	0	0.0278363049088952	0	0.000948467348885653	0	0.0723175619951791	0	0.0103738982160244	0.00125322731792026	0	0	0	0	0.0210698842825344	0.000669699202027643	0	0.000623335411118037	0	0	0
210122-MICU-106-01	0	0	0	0.279727374883963	0	0.00068389709514736	0	0.00856157951023023	0.0207875836685504	0.0483866694895472	0.0151110966348007	0	0	0	0.00424202943395817	0.00582761971456335	0.478949997014261	0.00547682252224376	0.000873355807805265	0.0339946473842212	0.00220955545060231	0	0	0.00164758507999066	0	0.0585119076700921	0.00283742922441357	0	0	0.00864604878154705	0	0	0.00505881905878649	0	0	0	0.0181089957602506	0
210125-MICU-111-01	0.0260734271570583	0.00492061173089343	0	0.158080951456352	0	0	0	0.000821744928114764	0	0.00849623779497226	0.00402775745598669	0.0533079746917183	0.00954615290126689	0	0	0	0.0250436707752436	0.0223288887037929	0.00172024807636479	0.0621460247050707	0	0.00117994995541267	0	0	0.0243918350963172	0.0700428173523199	0.16626317835077	0	0.000473951549724097	0.290911217543761	0	0.0115476262603495	0	0	0	0.000659921321162928	0.0553005870730075	0
210125-MICU-114-01	0.0928382448334131	0.000602447308738231	0	0.18131845505526	0	0.00801155197114072	0	0.0295908978013548	0.00341394629736588	0.0103137571394699	0.0183836180322159	0.00367756832321492	0.0264567639346297	0	0.00801952985176277	0	0.468204802050597	0	0.00546273643417128	0.0740951528861098	0.000389156323872388	0	0	0.0139936718981619	0.00765630163991202	0.00763553568593994	0.00399926462712149	0	0	0	0.000456147056742793	0.0267447888894403	0.00239242561242259	0	0	0	0	0
210125-MICU-127-01	0.00807294093347553	0	0	0.226256325465213	0.00245027569085987	0.000605699549130158	0.00150064286717432	0.0136730401179382	0.000333446694590172	0.0258887111037484	0.0107433020620864	0.0346846950887496	0	0.00259310556481649	0.0025499645712887	0.0141345823779263	0.287252911618839	0	0.0077238307396968	0.0941428070424154	0	0.0190847790875826	0	0.00117330228243731	0.0014209979560461	0.00722233328262607	0	0	0	0.237012768937635	0	0	0.000872244518372621	0	0	0	0	0
210125-MICU-134-01	0.0027406552492704	0	0.283849493051567	0.137702921756604	0.00566238631363097	0.000651387681787732	0	0.0110582668260679	0.00177793975564215	0.0497243382496226	0.00713666013959439	0.0181669610957717	0.0361159416440407	0.00329077838848654	0.00282889459216695	0.00201111636943246	0.101431060810571	0.00424034098440373	0.000376964602359809	0.0289975423235986	0	0.082636463867713	0	0.061252789244352	0	0.102471289012069	0	0	0.0122090815267679	0.00296438220839451	0.0233103825909778	0	0	0	0	0	0	0
210125-MICU-140-01	0	0.000518321839756406	0	0.279001530967917	0.0356029483296021	0	0.00020107881089507	0.00649451595451584	0.00120897810957173	0.00533564272897042	0.0154708059278297	0	0	0.0015986095103553	0.00360082704703833	0.0054038117422378	0.0647881202902233	0	0.0389971586575108	0.0621884679390055	0.00280653278026332	0.0380690316084024	0	0	0	0.426749230725212	0.000224417138454694	0.000685118361580841	0	0	0	0	0.00257539103895246	0.000893712905079857	0	0	0.000627365889992618	0.0065030865267835
210125-MICU-142-01	0	0	0	0.399318487091201	0	0	0	0	0.00118068757897911	0	0	0.314316222701942	0	0	0	0	0.000617409621784671	0.217293879738672	0	0	0	0	0.00189900052291663	0	0	0.00288642856252534	0	0	0	0.0516408957603392	0	0.0108469884216406	0	0	0	0	0	0
210125-MICU-145-01	0	0	0	0	0	0	0	0	0	0	0	0	0	0	0	0	0	0	0	0	0	0	0	0	0	0	0	0	0	0.999312080355502	0	0	0	0	0	0	0	0
210226-MICU-147-01	0.00245293914959957	0.00101021094152222	0	0.00121311655798181	0	0	0	0	0	0.0102490929988426	0.000222985340997898	0.194050558336821	0	0.00159684009390886	0	0	0.0318887109379079	0.0410296039394813	0	0.000425890957457489	0.000140758869013531	0	0	0.0400578456704499	0	0.00418712455935044	0.00952501813199126	0	0	0.649960804377701	0.000162143775646828	0.000411634353035291	0	0.00107055051375983	0.000889330999801612	0	0	0
210226-MICU-152-01	0	0	0	0	0	0	0	0	0.00101722598964947	0.0547225283987625	0.0128886453232158	0.0261357957492746	0	0	0	0	0.553036264828699	0.00455440755974294	0	0.14371721612689	0.00958596219880929	0	0	0.000247703813503892	0	0	0	0	0	0.177100076467333	0	0.00284359025889536	0	0	0.000813161790103155	0	0	0
210226-MICU-162-01	0.0103470077438735	0	0	0.0672230993397085	0.0167273124038522	0.0033984187429425	0.00284534090711349	0.0463221499678077	0.00746749139225588	0.0570634294682317	0.00440408606631071	0.00225479549680514	0.00502128205260855	0.00327833438289572	0.0125339226559525	0	0.300081409671243	0.00676250527328676	0.00643015691388838	0.0935816163699752	0	0.0256221772924865	0	0.0185895605931415	0.00169983644384747	0.00903015575380449	0.182407202302484	0.0584179058008741	0.00451288312358546	0.000336424329843832	0.0217960951889596	0.00376839144491428	0.000955344765176288	0	0.000883074673816546	0	0	0.0256472601875354
210226-MICU-181-01	0	0.00273914493513098	0	0.0870454278437195	0.00362986133681319	0.000277787173520412	0.000117487633977162	0.0436808892065467	0.0453142777868467	0.0215938676357191	0.0173891502539383	0.079762665175113	0.00880046106134636	0.00629841564902604	0.00430553778534666	0.000305402486652735	0.0869480389287677	0.0883243926714515	0.00226412886841107	0.0617953907918127	0.00100493595126502	0.022633608685784	0.0230599302950279	0.094560551312765	0	0.0427189285650675	0.0421421116694633	0.0437060534563833	0.00623256374847973	0.0516934151204134	0.000138730182540488	0.00240612713534592	0.000448544583125606	0	0.00285614235644898	0	0	0.00780549276748413
210226-UC-001-05	0	0	0	0	0	0	0	0	0	0	0	0	0	0	0	0	0	0.0201645756687704	0	0	0	0	0.035608902073116	0.00195180384471008	0	0	0	0	0	0.942031343749362	0	0	0	0	0	0	0	0
210305-MICU-008-01	0.00258331498122754	0	0.0569802894681227	0.463098790212401	0	0.0179336234817304	0.00512116314486424	0.00848318994007414	0.00147804182265957	0.00365689465782665	0.0205163460614258	0.0750488323987952	0.0424608241164294	0	0	0	0.00909810273042309	0.00247342449701778	0.00255621261113268	0.0117667235322771	0	0.057356612541407	0	0.0112658480368628	0.0379387270209297	0.0507026104321614	0	0	0.0618357605258275	0.000828177341915059	0	0	0	0	0	0	0	0
210305-MICU-190-01	0	0	0	0.358803703775338	0	0.148482777294941	0	0.0153118267628402	0.000702677881228877	0.122710018798388	0.000105128721853111	0.00749892219663501	0.0134753496543854	0	0	0	0.00806246829760725	0	0.0322241369306281	0.0445854964789677	0	0.0101915588811309	0	0.00190042781462656	0.00298743384221458	0.018415619694821	0	0	0	0	0	0.00243293442650566	0.00527515337251068	0	0	0	0	0.206649376059476
210307-MICU-213-01	0	0	0	0	0	0	0	0	0	0	0	0.00242623589114773	0	0	0	0	0	0.0175887573749581	0	0	0	0	0.769692100495562	0.199583326674502	0	0	0	0	0	0	0	0.00153274183542566	0	0	0	0	0	0
210307-MICU-216-01	0	0	0	0	0	0	0	0	0	0	0	0.00200244660762716	0	0	0	0	0	0.0150400613388849	0	0	0	0	0.741987732223014	0.230899215150109	0	0	0	0	0	0.000591180798348416	0	0.000475798187128263	0	0	0	0	0	0
210307-MICU-221-01	0	0	0	0	0	0	0	0	0	0	0	0.00494993312784344	0	0	0	0	0	0.0515505776589469	0	0	0	0	0.02296676544935	0.139886975395406	0	0	0	0	0.000135781028555584	0.779232553715987	0	0.000432831805062274	0	0	0.000193428412609007	0	0	0
210311-MICU-217-02	0	0	0	0.00332641793777895	0	0	0	0	0	0.000131563556262632	0	0	0	0	0	0	0	0.0583345756078248	0	0	0	0	0	0.000537197589249823	0.00268100263589166	0	0	0	0	0.932754972482303	0	0	0	0	0	0	0.00223427019068934	0
210311-MICU-219-01	0.00476676679594212	0	0	0.41261974981647	0.00540433950200107	0	0	0.00964176914888902	0.0187897230566329	0	0.00134937709146618	0.00134482300070862	0	0.00121442420201704	0	0.00475340812971994	0.289584764076846	0.0563237800653482	0.000942544983790473	0.00524995582531965	0	0.0163894136213462	0	0.0396914816035986	0	0.0512805799604219	0	0.000525390270397621	0.00562096241903586	0.0553567947944921	0	0.0120731982043524	0.000531310588382454	0	0.000437951727852394	0	0.00120577142957767	0
210311-MICU-243-01	0	0	0	0.172524675669886	0	0	0.0107981332405935	0.00681342842399792	0.0262293461118459	0.00559594854058045	0.0236259381375035	0.00309345870590203	0	0	0.000797005585393602	0	0.380142261188854	0	0.0372731509389641	0.0700295419813537	0.000321710227509552	0.0395019662881716	0	0.00508414171060878	0.0161774901281703	0.0189042185613338	0.000284660238134499	0.0242099062839905	0.00667707584682113	0.00152831206172097	0.0204160519940595	0.0644066675764019	0	0.0192574859018867	0	0.00752405583648806	0.00222041447952358	0
210311-MICU-246-02	0	0	0.0666894419273222	0.140560672803797	0	0.00374766022105977	0.00460990899261543	0.0292116504080741	0.024604863350666	0.00306455106497386	0.00723114525814465	0.00870544199392352	0.000380578768134913	0.0118293098278372	0	0.000752832375716874	0.249535091815371	0.00209868377725022	0.0115965026595171	0.124426957642921	0.00342520891321422	0.0696243583494002	0	0.0336059972078006	0.00283055458800341	0.0353519023066195	0.0569736822348656	0.0892323414053198	0.00918086812692956	0.00088142637354371	0.000957839454333298	0	0.00354770770420764	0	0	0	0	0.00121368947775525
210311-MICU-247-01	0	0.00177304502526051	0	0	0	0	0	0	0	0	0	0.150462866715844	0	0	0	0	0.000321187389559971	0.000476399637777664	0	0	0.0150656712085698	0	0.308922109848806	0.0222115524816229	0	0	0.000858992164953686	0	0	0.470529329280292	0.000705479320913559	0.00337524328386972	0	0.00235004939035008	0.00411697656057135	0.000690864444986491	0	0
210311-MICU-258-02	0	0.0051982944124306	0	0.0486501617054566	0	0.00211717664470151	0.00185991641294348	0.0229006643864903	0.0121415911183669	0.00353763526122013	0.0118971597788026	0.00100010768080788	0.0761606291943824	0.00106602635027161	0.00217886450929283	0	0.390389467424918	0.036773882995863	0.0177426308591359	0.0867211275886555	0.000533900279383247	0.0111569054037068	0	0.216526042446437	0	0.000103722958162389	0.00748033596957969	0.0202172422767681	0.000814498176727816	0	0.00153346204988501	0.00116347133991365	0.00182293098970399	0.000473986623286814	0.00243612474105086	0	0	0.0148460307748746
210327-MICU-260-01	0	0.000214160083072923	0	0.160307373448418	0	0	0.00981761279766171	0.0277901085889999	0.00108578405368562	0.0227775518460372	0.00251906743651289	0.0152739273947373	0.0256527455549675	0	0.00192411105025164	0.000144236437574909	0.0231294403217577	0	0.038667473260638	0.0598897537189315	0	0.30524107992984	0	0.000362785667226712	0	0.298806591045203	0	0.000722695686694847	0	0	0.0044280434985615	0	0	0	0	0	0.000747819767111883	0
210327-MICU-264-01	0	0.00411976745900388	0	0	0	0.0152359804447521	0	0.00387377947389652	0.0453171764032705	0.0123409728187261	0.000339495296940837	0.000759215617102434	0.00161472782664701	0.0111233854215991	0	0	0.165809317073864	0.268498542202413	0	0.0238483492041186	0.00174144086001225	0	0	0.305766784529268	0	0	0.0142655764387076	0	0.00376858374808386	0.10661294600763	0	0.00610015669115876	0.000377084173714802	0	0	0	0.00787892078217273	0
210327-MICU-274-01	0.00549763180130387	0	0.0684390043488035	0.293954052035772	0.00395539569460702	0	0.000682552848427532	0.0253641444639964	0.00814063456872427	0.00438032780107648	0.00705149572483934	0.00851039914419268	0.0229923282248458	0.00555008617504257	0.0051021568308256	0.00252000630486069	0.26149952325951	0	0.00763792528740087	0.101138104872572	0	0.0345196290468033	0	0.00259946305325799	0.0109447471983421	0.0162307527331829	0	0	0.00728237248806857	0.0942021121283298	0.000357103174910789	0	0.000507877199918347	0	0	0	0	0
210327-MICU-286-01	0.0240475792748831	0.002041816071385	0	0.0735619541694742	0	0	0.000234748518778407	0.0584329416925435	0.0287263277368178	0.0130918886946132	0.0101148323793686	0.00362003398289808	0	0.00406405859408831	0.0063820493934479	0	0.166910084748103	0.0115069675130037	0.00417291970045499	0.0143775758991163	0.0089817116022612	0.0799800671560411	0	0.0281706266458204	0.00101313224238059	0.0270738375926358	0.105387605868096	0.275556954602505	0.00248302530913471	0	0.00192035281723695	0.012488326255127	0.00265731033164295	0.000437187275691824	0.000299368042508385	0	0.0012788498690047	0.0107430628528099
210327-MICU-291-01	0.0225608627233176	0	0	0.140098876043204	0	0.00596496100011205	0	0.000669770093102793	0.00383433938915603	0.000905937434533292	0.0300413627793449	0	0	0.00152759710996458	0	0.00146815942939827	0.201910897070502	0	0.00318978159088362	0.0547556234379339	0.00341535246057382	0	0.00436489376732584	0.0242538622312516	0.0225520932294636	0.00724408911754532	0.0328589280755346	0.0102964819713822	0.000860750181479803	0	0.000575132638594542	0.180375577934005	0.00454576457806555	0.00114478434353031	0	0	0.189516191896013	0
210327-MICU-294-01	0.00841183318231616	0.00381899999626092	0	0.0590286562878192	0	0.00155234022611446	0.000450714599974824	0.0112452747411624	0.00167791090277527	0.00702868620043697	0.0382334667352995	0	0	0.000664776770858131	0.0119955829034433	0	0.272371677985684	0.000571767224993986	0.000585165585034717	0.00583576477215933	0	0.00113886060346214	0	0.186737306144426	0.00149843519618315	0.00404054032158557	0.151621918221396	0.129731802222757	0	0	0.00152943837813786	0.0071223189258379	0	0	0.00226105115431546	0.00873884664424051	0	0.00374780173418402
210327-UC-047-01	0	0	0	0	0	0	0	0	0	0	0	0	0	0	0	0	0	0.0094010461694201	0	0	0	0	0	0	0	0	0	0	0	0.99059895383058	0	0	0	0	0	0	0	0
210417-MICU-295-01	0	0	0	0	0	0	0	0	0	0	0	0	0	0	0	0	0	0	0	0	0	0	0	0	0	1	0	0	0	0	0	0	0	0	0	0	0	0
210417-MICU-303-01	0	0.00143203252248236	0	0.345278159989647	0	0	0	0.0268923492517311	0.0483083818583181	0.00115243449283496	0.00771785680225461	0	0.000221275432594722	0.00367920469003792	0.0043572987476161	0	0.321495806905646	0.000785352567608531	0.000662074116756833	0.0585414945253104	0.0122742784080484	0.0182643595615643	0.00302764365944509	0.0412931496480244	0.00577694084711945	0.00443151612970245	0	0	0	0.000107133354242694	0.000297995930434408	0.0388218234647578	0.0139547451690492	0	0.000426155457005107	0	0	0.0355975600628883
210417-MICU-311-01	0.00367281698380619	0.000422466119184985	0	0.0193832109867458	0.000119124616099611	0.000230760740858338	0	0.0390678049480725	0.0180076327312049	0.017963277820955	0.0289844937537918	0.00352247111919305	0.000950692777615079	0.0155177669641403	0	0	0.703537425060363	0.00491659779174759	0	0.110531745097285	0	0.00261555721403237	0	0.0163951877341738	0	0.00301901408596742	0	0	0.00216647814869747	0.00417569797923637	0.000143318203508623	0.000826383821356394	0.00068940203359775	0	0	0	0.00267108725751401	0
210417-MICU-314-01	0.028999154346318	0.000306443949727741	0.00986429053862174	0.263268686821866	0.00677123816088422	0.00330865043200442	0.00101790322236829	0.0492977040023268	0.00646536646876568	0.0221199025616969	0.00889130953857581	0.0071163094992331	0.00546649081190336	0.00800860217638153	0.00132549168731444	0.000582987439374671	0.120397421464439	0	0.00794293561572558	0.120897002357272	0.00588566951064392	0.033405824065979	0	0.00393927831734517	0	0.0565935593264471	0.138924690755565	0.0378727238990086	0.0011270613613236	0	0.000151791330840865	0.0257819220673836	0	0.00545790694776533	0	0	0.000795438076790962	0.0054250021352362
210417-MICU-316-01	0.0210489556219831	0	0.00272498795389079	0.143513021756252	0	0.00179173853495563	0.000886419698988595	0.282195390651015	0	0.0260696033472546	0.00562625635358044	0.00938016015429724	0.0302643755114683	0.0240375279995732	0.00963086640501118	0.00629709209181502	0.203958315528284	0.00365505964182958	0.00143683615736057	0.0621977287920324	0.00616529987996539	0.0327140716116732	0	0.010098160110478	0.00393921569250535	0.0687957018345041	0.0336903040235594	0	0	0	0.00140806932939339	0	0.00809786207276034	0	0	0	0	0
210417-MICU-317-01	0	0	0	0.0783787108258304	0	0.000423179612664105	0	0	0.00125334057530661	0.0172317877744119	0.190110783461878	0	0.0021114688508674	0	0.00108718183385088	0	0.57506996257442	0.0023591251014606	0.00269599834575242	0.0016240023831694	0.000730820054765314	0.0373826796532863	0.00359171165270115	0.00390871671541753	0	0.0109511645158833	0	0	0	0.0591416287504989	0.00712103468427688	0	0	0	0	0.0048267026335591	0	0
210417-MICU-318-01	0	0	0	0	0	0	0	0	0	0	0	0	0	0	0	0	0	0.000164602646778126	0	0	0	0	0.000140952841206556	0.0973926021786471	0	0	0	0	0	0.902301842333368	0	0	0	0	0	0	0	0
210417-MICU-319-01	0.012764695016732	0	0.415818563173548	0.105548212692067	0	0.0029710166609456	0.000534272905805335	0.0100141666783517	0.00785620760747646	0.00911532069237087	0.0131066340928385	0	0.00238783222439595	0.000791858913088626	0.00200680808760442	0	0.0753049876843415	0	0.00306022775991041	0.0130356406069049	0	0.0176191920455498	0	0	0	0.0159086133868099	0.00407290622489213	0.00511572655870725	0.0201769449151275	0.261115476590975	0.000227444138449884	0	0.000867710429163903	0	0	0	0	0
210417-UC-049-08	0	0.000521144986475248	0	0	0	0	0	0	0	0	0	0.930906592858742	0	0	0	0	0	0.00427684546298692	0	0	0	0	0.0508068018122599	0.00631259828121259	0	0	0	0	0	0.000737362143433555	0	0	0	0	0.000131373979661084	0	0	0
210423-MICU-323-02	0	0	0	0.282715665105122	0	0	0	0.00125041028883682	0.0154108076115676	0.0271603053136238	0.00408833657322848	0	0	0.0361467891105591	0	0.000278115470776668	0.306528535547816	0.000564061503846437	0	0.082907513881303	0	0	0.000515773036372309	0.000334887047401656	0	0.0207303695960148	0	0	0	0.217472203135227	0	0	0	0	0	0.00389622677830438	0	0
210423-MICU-325-01	0.0204190130219988	0.000171284546635316	0	0.18503016794632	0	0	0.0102461686926835	0.0602730640108573	0	0.129182659298273	0.00136838131001337	0	0.0671027255380157	0.000260060962721194	0	0	0.108289297412656	0.000184112665872684	0.00478226454205801	0.0261727160481229	0	0.020886802051916	0.00316548419590287	0.00457890969732927	0	0.29002118097415	0.00050627338762932	0	0.0389056448097867	0	0	0	0	0	0	0	0	0
210430-MICU-199-01	0	0.00077752453000986	0	0.00102087751086345	0.000106393452981882	0	0	0.032077038264905	0.000211170430849399	0.000696553822008456	0.00557933733337448	0.0783142515793696	0.0411628040259047	0.00114446438097085	0	0	0.00743960628544305	0.487897597771028	0.000284058763278976	0.032164621825647	0.000581343232039125	0.0035693240048024	0.00100706399624978	0.0445743012786318	0.00182279611987192	0.014939463006967	0	0	0.00908326757218663	0.128716239549856	0	0.00177239148676033	0	0	0	0.00961303055284918	0	0
210430-MICU-201-01	0	0	0	0.0274258291408306	0	0	0	0.138274546213654	0.0203566867021921	0.0765228605097571	0	0	0	0	0	0	0.00153461209439627	0	0	0.0848991070592381	0	0.0128370200631497	0.0817384754180207	0	0	0.487259889803488	0	0	0	0.0437758599431208	0	0	0	0	0	0	0	0
210430-MICU-207-01	0	0	0	0.00100889364081727	0	0	0	0	0	0	0	0	0	0	0	0	0	0	0	0	0	0	0.00487764675558279	0.000853466495493996	0	0	0	0	0	0.993259993108106	0	0	0	0	0	0	0	0
210430-MICU-210-01	0.00571248638335793	0	0	0.410835366281168	0	0.00016115761958428	0	0.0296508961775791	0.00143765974857429	0.000126721172048208	0.000402460496563664	0	0.0119495711671305	0	0	0.0254209112478604	0.0857695468336925	0	0.0156377394726665	0.0136456281443388	0	0.0642831855249985	0.00289551065163916	0	0	0.133986643117752	0	0	0	0.00918598431630397	0.0100961966058545	0	0.00148770408240369	0	0	0	0	0
210430-MICU-222-01	0	0	0.327844143824009	0.043475037843776	0	0	0.0025802497841074	0.0808446769046497	0.00773669978425926	0.00886821659384756	0.00680169951372562	0.0910649992795144	0	0	0.00536016577131842	0.00548064042119108	0.0968528444334806	0.000449052102980066	0	0.0305042713381584	0	0.198918270379986	0	0.00131914679650482	0.00971727603104534	0.0115835644680549	0.00401717151844291	0	0	0.0151552834995737	0	0.0465816189880647	0.00038594633399915	0	0	0	0	0
210430-MICU-224-01	0.0275540439061422	0.00312983458664669	0	0.184047036924592	0.00345175862457876	0.00324009120022696	0.000754578571737723	0.0121565024706643	0.00422876762486719	0.00431548808454566	0.000653167760966189	0.0759348986823861	0.0406131341848261	0.011755440089747	0	0	0.0843524698587167	0.0371984963398911	0.015762746722867	0.0842306821093322	0.00103385320327055	0.0303910192355141	0.00673829028955156	0.00811191709713608	0	0.17804452787581	0.0320914668647284	0.0546307303821418	0.00621196502243201	0	0.00625872140870673	0.00156586505791	0	0	0	0.000642742350513041	0.075832224185499	0
210430-MICU-229-01	0.0246876651202797	0	0	0.0405525993984863	0.000271374242791256	0.0101567318731837	0.000202066432581978	0.0290914303890901	0.0254856113778602	0.0219616508869378	0.00625834186432989	0.000226610043440797	0.0421663418124536	0.0219668106233115	0.00765300466091537	0	0.545294885209114	0.000881059848897818	0.000918154169854896	0.095360713683579	0.00171930783112713	0.00360721353457421	0	0.0016147185803083	0	0.00154345843741707	0.00779413042335358	0.0628419632713231	0.001615276389646	0	0.000154234281874167	0.00104896045954564	0.00504677998284457	0	0	0.00448715776479662	0.000243483775906234	0.0313370313303376
210430-MICU-233-01	0.0923386600506195	0.00369836492623026	0.0121637081109705	0.220309080397599	0	0	0	0.000358550882207747	0.000616734766356074	0.00158282389134205	0.000799756939287957	0.164183264688665	0.000346288850770623	0.00144090223119016	0	0	0.0594014811625677	0.00561396672629647	0	0.0109781513307256	0.000847442617098994	0	0	0.0514109510840317	0.00244014425598762	0.000541232443155266	0.0797368113904281	0.00452741449617357	0.00501028875267437	0.00809350843514225	0.00805592757953403	0.184498498809448	0.000376716854707189	0.00567141661432596	0.00173360146308742	0.00012284738902748	0.0402282054880311	0
210430-MICU-239-01	0.0178371858295625	0	0.17620679203601	0.330112305246249	0.00115402439885093	0	0	0.0010210917516206	0.00663452681116735	0	0.00200872193482326	0.00389787300912233	0	0	0	0.000402680854067134	0.211259897714952	0.00760845259774832	0	0.00204047045366349	0.0135086521566038	0	0	0.185915900229252	0	0.00813344519166398	0.000872627454885697	0.0127189363012793	0	0	0	0.0157970579858146	0	0	0.00115071250300069	0	0	0
210510-MICU-228-01	0	0	0	0	0	0	0	0	0	0	0	0	0	0	0	0	0	0	0	0	0	0	0	0	0	0	0	0	0	1	0	0	0	0	0	0	0	0
210510-MICU-248-01	0	0.037940470415758	0	0.0664010019784398	0	0	0	0.0374218106702041	0.0162024282692003	0.000390760292414244	0.0123017303462089	0.0143465522779991	0.0105105102748771	0	0	0.012384119564489	0.388440212027476	0.0194684938136682	0.0115807854532968	0.13845264887614	0	0.0401213522565936	0	0.0402158252268881	0	0.0270095397298858	0.00166457607294694	0	0.0462303950931806	0	0.00202049749591703	0.0105392288023919	0.0131133818451513	0.000274944591289059	0.0127012788219064	0	0	0.0266523628521609
210510-MICU-250-01	0	0	0	0.199270938777904	0	0.00606867696510621	0	0.0983695506916299	0.00387923574164516	0.0190178432648117	0.0258524029879677	0.000650150516785976	0.0734594832062398	0.000252353373607807	0	0.000559588740550372	0.298914063102096	0	0.00287864488444032	0.0663280676893487	0.0111381902643236	0.0248567424280365	0	0.00199910579976817	0.0091638656955884	0.0172640846267363	0	0	0	0	0.0156256689959294	0.0288077269694786	0.0156167166140379	0	0	0	0.000124165644494947	0.0785379488873487
210510-MICU-253-01	0.00582883249671833	0.000894566701107544	0.00739759616592037	0.0409261612830541	0	0.0085740804869499	0.00142709741226508	0.0515201797481277	0.0514457209539073	0.0435690063235148	0.0118341730139399	0.00153144584121989	0.0197388317998831	0.0784894733658594	0.0126707290630183	0.00108486993764209	0.381276779078812	0	0.00080047625330422	0.0303172864314853	0.00276894746392639	0.0211434677706613	0	0.0838345889927617	0.00336337978548085	0.00839686501947071	0.000336214175327291	0.0617056475845815	0.00528038422860159	0	0.0182339152202618	0	0.000232396331604451	0.000646960259519849	0.000499457565031179	0.000337805931023212	0.000608934984561738	0.00192124912497652
210510-MICU-254-01	0.0314102935976319	0	0	0.0655697927757107	0.00121994342716964	0	0	0.0488006256663291	0.0149952181972808	0.00129191720079311	0.00878573503878279	0	0	0.00463340194512132	0.00492899991839763	0	0.514868241054852	0	0	0.114848357998994	0.00446189253473096	0.00439196483828408	0	0.0115367459814442	0.00101521535202999	0.0034381318015517	0.145847029011689	0.014013702939924	0	0	0	0	0.00303685995997873	0	0	0	0	0.000761742497095172
210510-MICU-261-01	0.00469654223913813	0.000310755418853804	0	0.119354653592364	0.000406948754873159	0	0.0283734381131482	0.0566097782473904	0.000165566411684404	0.0260024671642849	0.0336075842302263	0.036266985353291	0.0074292121181428	0.00118578514214513	0	0	0.121032493120004	0.0879674572849895	0.00286392433749837	0.0340200768377984	0	0.0943548745973028	0	0.000124811602654397	0	0.0156432539778267	0.00399981480535308	0	0	0.0178008615147094	0.00627099640563561	0	0.00447523763275092	0	0	0.00326547907352932	0	0
210510-MICU-267-01	0.000431675450668039	0	0.0106240816288659	0.000944141536140005	0	0	0	0	0	0	0.000168144094283802	0.938895915637378	0	0	0	0	0.000534643906790691	0	0	0	0	0	0.00087930535442761	0	0	0	0	0	0	0	0	0	0	0	0	0	0	0
210520-MICU-337-01	0	0.0312023921794737	0	0	0	0.00210958396679536	0.0112344475938478	0.0277815336467321	0.0032967730577449	0.157585542733244	0.159710441046637	0	0.0276920036204686	0.0019828806547734	0	0	0.271011447146852	0.0460956596916581	0	0.0429385482392101	0	0.00463186994062091	0.163531043293134	0.0114474086358517	0	0.000300527690498364	0.000833650200689931	0.0201772406557944	0	0.00149334513105219	0.00993298991674624	0	0	0	0	0.000356680294689914	0	0
210520-MICU-338-01	0.00992235966925889	0.00121660330981343	0	0.0311948367062191	0	0.00159756628762136	0.000306237083388914	0.0578125543295816	0.0105693518887886	0.00420804144189366	0.00543273689594198	0.00219360328642208	0.000429895162478244	0.0108223578358825	0	0.00203530071482715	0.121944314668086	0.217832430658859	0	0.17218654162618	0.00142497602386171	0.0207346023248478	0	0.221257177826766	0	0.00748181954391916	0.030113018173818	0.0182500611652308	0.0057279737207616	0.000448987565282425	0	0.00414722392037836	0.000168291312134866	0	0	0	0	0.0119170732231579
210520-MICU-340-01	0.00326543825505019	0.00106904228587953	0	0.190028432773779	0	0.0451399553105088	0	0.0522141621902534	0.00874682327918292	0.00496090181019947	0.0117403690145283	0.000214035792058601	0.00357086266995272	0.000263822131369099	0.0109036629787644	0	0.329700029348933	0.000138219608679373	0	0.111894001928254	0.000732472992047598	0.00694121597336726	0	0.0147555115637298	0	0.0119575874949446	0.0855513450609337	0.0861000178003213	0.000690075036424732	0	0	0.00472708788334629	0	0	0.000574929918339037	0	0	0.0133262571562179
210520-MICU-345-01	0	0.00078732279357332	0	0	0	0.000360416618727654	0	0.000997216210687732	0.000726299874000384	0.00015255729893234	0.00664768430097674	0.00295592479789654	0.000167177373413356	0	0	0.000415718639590628	0.0151044439051261	0.0807034467906203	0	0.000175568024854635	0.00188675239454572	0	0.000307784350595997	0	0	0	0	0	0	0.888463197522164	0	0	0	0.000148489104294145	0	0	0	0
210520-MICU-347-01	0	0.0015918044458876	0	0.301321708249122	0	0	0.000260629339024923	0.0219226373967862	0.0126519785383776	0.0384333490183892	0.011349180744644	0.0188410240116263	0.00185057297749423	0.000260745639488566	0	0	0.327803672722122	0	0	0.114519903545047	0.0106790574731305	0	0.00157261486938644	0.00109845787911218	0.00837828540087258	0.0131445110019076	0.000579990412189777	0.0667935659792301	0.010098020356768	0.00500603715706773	0	0.0318422528423252	0	0	0	0	0	0
210520-MICU-352-01	0.00300534883694682	0	0	0.832635919037187	0	0	0	0.00447207464669346	0.00100306212167899	0.00377082282245676	0.00865656042357281	0.00587220805722883	0.0111604346339167	0	0.000599105855954997	0	0.0737550325230506	0.000115238711177478	0	0.0384274261360494	0	0.00151277614682834	0.00301607134190457	0.00277735452100313	0	0.000378560859245113	0.00138489616664804	0.00467681805714982	0.00138613771985368	0	0	0	0	0	0	0.00111017430278322	0	0
210520-MICU-358-01	0	0	0	0	0	0	0	0	0	0	0	0	0	0	0	0	0	0	0	0	0	0	0.0356942632568825	0	0	0	0	0	0	0.963604063833207	0	0	0	0	0.000701672909910767	0	0	0
210520-MICU-360-01	0	0.000187921729713151	0.0796228579305075	0.230051986507752	0	0	0	0.00989835606159489	0.0110610109612883	0.00491444131955625	0	0.063031341488575	0	0	0	0	0.388508231658739	0	0	0.0602914072124271	0.000715565171278025	0.0342887350895298	0	0.00113584059627919	0	0.091510347772651	0	0	0	0.0101751417224578	0	0	0	0	0	0	0	0
210625-LD-001-01	0.00149268221505677	0	0	0.392951924993638	0.00628576385358341	0	0	0.000358923894691913	0.00180978527182683	0.00160137043668882	0.000452790995192327	0.000867437709642748	0	0.00238884302766782	0.00010340317068589	0	0.0285536366607899	0.0325930240774283	0.00912326174961611	0.00580666249607212	0.000225763589330861	0.0222782131242751	0	0.0059152358252923	0.0478113282769183	0.0171852622907594	0.0917620417300729	0.00659689250493607	0	0.114792455474882	0	0.066944591410988	0	0	0.000117649829758169	0	0.0316538935027767	0
210625-MICU-361-01	0	0	0.0428852846986424	0.0983213860346422	0	0	0	0.000538448842654704	0.00140312794982617	0.00370640530925278	0	0.0947107746714051	0	0	0	0	0.198367786981289	0	0	0.00329379158711989	0	0.0218721466916584	0	0	0	0.151134856642067	0	0	0	0.380448190194175	0	0	0	0	0	0	0	0
210625-MICU-367-01	0	0	0	0	0	0	0	0	0	0.00315982735250755	0	0	0	0	0	0	0.00238423719795014	0.00138159021553679	0	0	0	0	0	0.111611638404695	0	0	0.000930567680006115	0	0	0.880532139149304	0	0	0	0	0	0	0	0
210625-MICU-373-01	0.000780499982192856	0	0	0.000886561344384704	0	0	0	0	0	0	0	0.167138416441342	0	0.00218374762576059	0	0	0.00125520831065574	0.790595125933354	0	0	0	0	0.000329348440490477	0	0.00351152423686338	0.000157417390200533	0	0.000167800239341419	0	0.0319189994863281	0	0.000706926889893458	0	0	0	0	0.000368423679192737	0
210625-MICU-374-01	0.00048958670556198	0.000101305254543015	0	0.507046195638936	0.0143460419206679	0	0	0.00596173119276253	0.000380088457755377	0.00192823203619797	0.0082956271116333	0	0.00416713351966119	0	0.00101415970668198	0	0.110519382629171	0.00323291085536178	0.0215418150447271	0.00479179389794719	0	0.0174598222253321	0	0.00129548938077357	0.000850742705910957	0.251773672325442	0.00434007210719801	0.0265885881789722	0.01120890051359	0	0.000148913188371973	0	0	0.000131530756718144	0	0.00134951884986318	0.000427585675459151	0
210625-MICU-381-01	0	0.0190511556290334	0.00143881580908677	0.0307467250073091	0	0	0	0	0.0228203195729683	0.00076977430309484	0	0.0927536716999941	0	0	0	0	0.00218536822126069	0	0	0	0.00804220107960872	0	0	0.0152172423586119	0.382518100261037	0.000914021994896414	0.00296978696007142	0	0	0.369329426058414	0.00722859807247845	0.010898493662882	0	0.00496802021350541	0.012774341274976	0.0030339086678846	0	0
210625-MICU-386-01	0	0	0	0	0	0	0	0	0	0	0	0	0	0	0	0	0	0.0143470677687731	0	0	0	0	0	0.00164837165319457	0	0	0.00183041572381969	0	0	0.979928144960945	0	0	0	0	0	0	0	0
210625-MICU-390-01	0.0692804404661592	0.000743342283032644	0	0.201001261777778	0	0	0.000392814110644496	0.0310523449221945	0.00893914843291651	0.00136229961318258	0.00540171950451266	0.0182219010249394	0.0362742873675705	0.00256423413303626	0.00727429416794071	0.00624644912488509	0.274892476874105	0	0	0.105904266861363	0.00362447366680288	0.0114256110596275	0	0.0141195467986021	0	0.0636815102262112	0.00664853646760334	0	0.00377136166285125	0.0591367610084084	0.000339153007711002	0.046076340955724	0.00311135482538813	0	0	0	0	0
210625-MICU-391-02	0	0	0	0.00410148466965728	0	0	0	0	0	0	0	0.00628999824493731	0	0	0	0	0.014819886395713	0.278465262632259	0	0	0.004994960395345	0	0	0	0	0	0	0	0	0.682437113599799	0	0	0	0	0	0	0	0
210628-MICU-394-01	0	0	0.00430268482109727	0.924571255122173	0	0	0	0	0	0.022927249902825	0	0.00246935778401201	0.0266956531010382	0	0	0	0.00555381732307137	0	0	0	0	0.000854666316182836	0	0.00875529493622384	0	0	0.0023235129852548	0	0.00100024785718056	0	0	0.000546259850940824	0	0	0	0	0	0
210628-MICU-404-02	0	0.000373173362883143	0.148484806552619	0.0844923829349847	0	0	0	0	0	0	0	0.00358217646085305	0.0545014659591391	0	0	0	0.106234740547096	0.295664225892209	0	0.000281623564276095	0	0	0.00655693605960589	0	0.015049480618177	0.120393852325858	0	0	0.00529538647686596	0.0947768459821317	0	0.064312903263302	0	0	0	0	0	0
210628-MICU-405-01	0.00597000494805333	0.00024227544193576	0	0.457646477760185	0	0	0	0	0.00466340785538117	0.0663838091491546	0.0707483730640643	0.00266345225376448	0.000126884719823101	0	0	0	0.228123062852898	0	0.00249904301200435	0.0043318849018114	0	0.0317340261885104	0	0.00126614272818149	0	0.000509567231829539	0.0859265350994574	0.00611582095822304	0.0101523551933769	0.00308005332764193	0	0	0	0	0.000637691500425334	0	0	0
210628-MICU-407-02	0	0	0	0	0	0	0	0	0	0	0	0	0	0	0	0	0	0	0	0	0	0	0	0	0	0	0	0	0	1	0	0	0	0	0	0	0	0
210628-MICU-411-01	0.00834404260313501	0	0	0.172174679255394	0	0.0278447930423731	0.00180170621192973	0.022809262767544	0.00453449649439364	0.0500598098887263	0.0073575350975571	0	0.0586649650387786	0.000900408532956494	0.00540319215275291	0	0.255726989493851	0.00617971300737636	0.0121767065083117	0.0773168774140314	0	0.072750371663035	0.00410577992332005	0.0160483446472224	0	0.0712090370430086	0	0.000136335722567474	0.00707078550715703	0.0137768729564461	0.00116018736084865	0.0404330259654347	0.00218744739219401	0	0.0010346695814849	0	0	0.0501398330302333
210630-MICU-416-01	0	0.000105544247820317	0.0105885963984328	0.512739651180502	0	0	0	0	0	0	0	0	0.00218468110671929	0	0	0	0	0.402783266038272	0	0	0	0.0197635542261747	0	0	0	0	0	0	0	0.00275178452784338	0	0.049082922274235	0	0	0	0	0	0
210630-MICU-420-01	0	0.00320368180082173	0	0.12421985753297	0	0	0	0.0212041774669795	0.0192663632252701	0.107425698625729	0.0208610951077935	0	0.00134793914773163	0	0.00502451513030194	0	0.515630360661862	0.00390059674136491	0	0.0605379688599586	0.00116795962170315	0.0473138084638695	0	0.00799180763714278	0	0.0200026956471079	0.00222044105040536	0	0.0230425810520514	0.000742343298750755	0.00490707184292561	0.00137290740567778	0.000321581914843444	0.00360328952174689	0.00127026012301028	0.00174188277310419	0.000145532577565743	0
210630-MICU-422-01	0	0.000447214834161876	0.00850233844296724	0.133361000089901	0	0.0011501157865893	0.00203874972318642	0.249036122639301	0.0162453012452871	0.0064960717743417	0.0125384590605011	0.0621024785109768	0.0283077015974519	0	0	0.00140324100013842	0.182846844554297	0	0.0216159227889924	0.016034093998412	0.00196421391749277	0.0334781682199003	0	0.00752744245276445	0.000660848201294659	0.0091769346590553	0.0396034479481964	0.0894949936334561	0.0149261657474142	0	0.0072648823271022	0.0108137571262228	0.000562455546400696	0.000120092952754138	0	0.000213363798215265	0	0
210630-MICU-426-01	0.0407054885979515	0.00341885968010157	0.14753655257021	0.0561403089760212	0.0169981812004368	0	0.00147437959624077	0.0145531635156002	0.00250181421215134	0.0248537234565434	0.0141500538037872	0.0414739893021556	0.0149219040467817	0.00689466151963915	0.00100995876135221	0.000478110254292616	0.043551722777024	0	0.00865608202700107	0.0277717542714265	0	0.100173782810371	0.143790748777746	0.0311295940926951	0.0272621874789289	0.0987926077717747	0.0106132321054167	0.00242084275269758	0.00837151686194235	0	0.00410682582121589	0.0313765861704534	0.00103952208198011	0.00117452305844348	0	0.000517576559170258	0	0
210714-LD-029-01	0	0	0	0	0	0	0	0	0	0	0	0	0	0	0	0	0	0.0001882928962341	0	0	0	0	0	0.00691193016168488	0	0	0	0	0	0.992334898253379	0	0	0	0	0.000102474244877029	0	0	0
210714-MICU-436-01	0	0.00115789432168362	0	0.000185149153528746	0	0	0	0	0	0	0	0	0	0	0	0	0	0.998656956524788	0	0	0	0	0	0	0	0	0	0	0	0	0	0	0	0	0	0	0	0
210714-MICU-445-01	0	0.00183913737161104	0.0649225555857885	0.000228068129598551	0	0.000640553180317607	0.00015925772315045	0.00210406372623572	0.00199034415141107	0.0416879104644526	0.0183480998956019	0.00239880373045492	0.00632300963383429	0.00609343195235754	0.000411856070769805	0	0.419393389093664	0.0140432353269356	0	0.00662907127714001	0.00809446876290588	0.000836040148544937	0.000763833250370878	0.00655812233886446	0	0	0.0292136027229297	0.359669855972397	0	0.000904473167023487	0	0	0	0	0.000385187320921546	0.00636162900271833	0	0
210805-MICU-156-01	0.00137263813818634	0.00224667273799406	0.348939179154283	0.0800298384903008	0.001128996558267	0.00465064804943119	0.00163266892285753	0.159202369507293	0.0527423194610824	0.00139832019099337	0.0104169447481047	0.00246970109131828	0.0227597055349893	0.013790586513881	0	0.0200272702850201	0.0382162462638527	0.00179453343989132	0.000762858344893073	0.0557498230134848	0.0197549053565666	0.0251761839510824	0	0.00276098963762961	0	0.0288801442250018	0.00131434663674933	0.0259468144961671	0.005000566018927	0.00955456844858436	0.0211900590180332	0	0.000899378730867293	0.000144630507913283	0	0	0	0.00714907248928366
210805-MICU-414-01	0	0	0	0	0	0	0	0	0	0	0	0.0699110081355848	0	0	0	0	0	0	0	0	0	0	0.00247758362698552	0	0	0	0	0	0	0.926500393695316	0	0	0	0	0	0	0	0
210805-MICU-457-01	0.000311599664083343	0	0.000685519260983354	0.00424905855660315	0.000815046964484665	0.0014859027118641	0.00407615129202357	0.28728847499764	0.0121053414597711	0.0720268733325981	0.0300412625163017	0	0.0159551247605341	0.0377096691514194	0	0.000144191217105233	0.232338485216276	0	0.00302923751867689	0.0669609348723098	0	0.222268011758916	0	0	0	0.00732106465662481	0	0	0	0.000841319093025025	0	0	0	0	0	0	0.000346730998759406	0
210805-MICU-459-01	0.0287019398845591	0	0	0.599740794057203	0	0	0.0110804001773586	0.0274963256046927	0.00313737046889873	0.00285473768419467	0.00340072514981961	0	0.000939779375067008	0.00257289406163379	0.00451536030832339	0	0.0886256143768206	0	0	0.033659569205405	0	0.0738964666617889	0	0.00118148846577522	0.00891403735690658	0.0812030934705062	0.000642828934336862	0.00262148390216329	0.00519043215308122	0.00433283837835297	0.000407207665875964	0.00373048218821585	0.000804719911135833	0	0	0	0	0.00272351129353032
210805-MICU-460-02	0	0	0	0	0	0	0	0	0	0	0	0.444105638168013	0	0	0	0	0	0.0332585484324789	0	0	0	0	0	0.000125452464516839	0.00600881340585459	0	0	0	0	0	0	0.166032951898606	0	0	0	0	0.345195255231241	0
210805-MICU-469-01	0.0124222920240927	0	0.126910160499228	0.0366810978878659	0.00138874239926906	0.0105224135359321	0.000479431921228874	0.0349142770482421	0.0040069574421477	0.00184545716099164	0.00842344785319722	0.0127925068323105	0.00464578393859377	0.0067737077587213	0.00440126242500685	0.00101378444785757	0.111097270009043	0.00629714668732014	0.044065422922987	0.0328266699452604	0	0.0134379487653161	0.000248890198107361	0.00446641823414027	0	0.0112351332105525	0.00139136360998132	0.00270321716169063	0.00370476929289096	0.445956564042107	0.0040506442873521	0.00890050820282928	0.0011756754142293	0	0.000365970943255157	0	0.000448351851354885	0.000148285634579511
210805-MICU-470-01	0	0	0	0.00318633352584098	0	0	0	0	0	0.00764852810098746	0	0	0.00544295768995647	0	0	0	0.0215591671358664	0.00100816075535416	0	0.00288495947985519	0.000188283344708785	0.000650784483762674	0	0.000197697511944225	0	0.307464288020412	0	0	0	0.649595884801974	0	0	0	0	0	0	0	0
210805-MICU-492-01	0.00545659681577273	0.000553807409406128	0.0145632698842255	0.0505685553258496	0.00145852264235046	0.00400336490577867	0.000164806312901848	0.0285040851067207	0.0439813290055143	0.00191683233272358	0.00393828889779496	0	0.00112507423558838	0.0569604213539249	0.00455280746099077	0	0.189310472078821	0.000609889172383964	0.0024255362487914	0.0285235285481305	0.00550275845558232	0.00239537907435992	0	0.251583582328425	0.0035523299723956	0.00291850023609893	0	0	0.000712529380098117	0.000579202924716847	0.00854810399992593	0.0222361544840941	0.00426525615742045	0	0.00781745386150714	0	0.247342002198299	0
210805-MICU-494-01	0	0	0	0	0	0	0	0	0	0	0	0.501574687591626	0	0	0	0	0.165517162408653	0.00327270706440603	0	0	0	0	0	0.00206449585047049	0	0	0	0	0	0.327343402915696	0	0	0	0	0.00022754416914915	0	0	0
220418-LD-021-01	0	0	0	0	0	0	0	0	0	0	0	0.063488363135361	0	0	0	0	0	0	0	0	0	0	0	0	0.137108842831958	0	0	0	0	0.799402794032681	0	0	0	0	0	0	0	0
220614-MICU-026-01	0.00209458918533023	0.00211639291061783	0	0.156089455619343	0	0	0	0.00195077269429184	0.0135380211269288	0.0365363262727071	0.00514402737050266	0.456072486154359	0	0.00096332822634293	0.00300351821827886	0.00223829555654394	0.106429048640697	0	0.0639154182840975	0.00503203550879819	0.0287238753104416	0.0349305589891529	0	0.00190011757493682	0.000856401876573956	0.00737725741511111	0	0.000914545144007549	0.00483943593542441	0.00537781175830857	0	0.0321371493963727	0.00136834894153375	0	0	0.00630645223987578	0	0
221005-MICU-058-01	0.0358921736175592	0.000558069555172274	0.119375293112586	0.0619307215350585	0	0.000117406662672944	0.000210245851879082	0.0719089948373394	0.00437469120948646	0.0378180049323729	0.0243507624903298	0.056042286052541	0.00384881797480489	0.00203173005570481	0.0110031248533225	0.00174661806099793	0.422375253158116	0.00627272248853507	0	0.0266933357366357	0.0019407011013857	0.00763207958620099	0	0.0180872204787218	0	0.0101896828765874	0.000574490971647455	0.0274091543319632	0.0150107262882181	0.000352349290510762	0.020308120080121	0	0.000841242012500189	0	0	0.000437559632692997	0	0
221005-MICU-068-01	0	0.00153654703152979	0.309991646677108	0.0278564245677252	0	0	0	0	0.0198429840656634	0.00222880586181028	0.003591099592506	0.029344764467806	0	0.00118638192763291	0	0	0.00768373025898618	0	0	0	0	0	0	0.00727938741561679	0	0	0.00353039841093373	0	0.00160819432781181	0.324228119241888	0	0.0253512016677898	0	0	0	0.00219253994640826	0	0
230213-LD-032-02	0	0.000308373629422564	0.0693407071316526	0.0440531217706214	0.00142647978174303	0	0	0	0.00897103076758497	0.00303741509211107	0.0024105980067193	0.00616131222397569	0.00149092667164156	0	0.002424577295337	0	0.0803028387788783	0.00156449563970587	0.00321938278123634	0.0172641845057593	0.00319912465959544	0.00745036849049391	0	0.0206258480126723	0	0.00809258648707467	0.685356541163852	0.0180465507941598	0	0	0	0.0123118438101191	0.00135243693948828	0	0.000835084792085922	0	0	0
230629-MICU-014-01	0.138966643625973	0	0.00216038915817719	0.364678040644014	0	0	0	0.000942757178655078	0	0	0	0	0.00230978390057715	0	0	0	0.000954714520621517	0.000869284354523952	0.011288883331206	0.0148347394495186	0	0	0	0	0.00437192116452409	0.0416955395656921	0	0	0.0214419632399614	0.294451130631512	0.00712643174763612	0.00329230284287966	0	0	0	0	0.0128482359751184	0
230629-MICU-047-01	0	0	0	0	0	0	0	0	0	0	0	0.110506918879832	0	0	0	0	0	0.0959826607477069	0	0	0	0	0	0.00532909390419328	0	0	0	0	0	0.534947376104005	0	0	0	0	0	0	0	0
230629-MICU-079-01	0	0.00146356158266229	0	0.000762154714912349	0	0	0	0	0.0196108270875524	0	0.000176256074005098	0.585523925233995	0	0	0	0	0.000788349885146652	0.0276891681099998	0	0	0.000289519000541991	0	0	0.0111872087736357	0.000343780424598762	0	0.276538669996364	0	0	0.0494108269628135	0	0.0134253989617981	0	0.00570480912140775	0.00137362483152452	0.000101911686102028	0.00314554098951632	0
230629-MICU-083-01	0	0.00160430551552292	0	0.0304639933141921	0	0.000103900304336007	0.00691636760577934	0.00235224634578389	0.00141474047046906	0.0115009862047254	0.00234319924445395	0.582097991699002	0	0.00722198999758131	0	0	0.23676575174556	0	0.000736773314556828	0.00416194933368806	0	0.00711229389395581	0	0.00293309852335757	0	0.0125835284232358	0	0.0286049553518481	0.00176969783671085	0.0339852947849539	0.0012926046025149	0	0.000488967554691495	0.000159455160940158	0	0.000100931724212121	0	0
230629-MICU-093-01	0	0	0.0653417511138635	0.032726963002291	0	0.000283873656708752	0.000268409722102049	0.428579143005926	0.000123343287934412	0.00283505467789545	0	0.00116175876973845	0.00494858180378452	0	0	0	0.00227332111682499	0.000144943704527901	0.00166838672256756	0.00428731450488838	0	0.0620940793871766	0	0.00124337398016272	0	0.246190502665013	0.00082646139398043	0	0.00170778293692273	0.0441845112494601	0.000220545162605113	0	0.000234413611895251	0	0	0	0	0
230629-MICU-120-01	0	0	0	0	0	0	0	0	0	0	0	0	0	0	0	0	0	0.920790434751139	0	0	0	0	0	0	0	0	0	0	0	0.0792095652488612	0	0	0	0	0	0	0	0
230629-MICU-170-01	0	0	0	0	0	0	0	0	0	0	0	0	0	0	0	0	0	0.980452351015037	0	0	0	0	0	0.000365711355714617	0	0	0	0	0	0.0191819376292479	0	0	0	0	0	0	0	0
230629-MICU-179-01	0.124173549618946	0	0.0153972046160553	0.149228642202466	0	0	0	0	0.0101525163866463	0	0.00082076517401787	0.075495728483633	0	0.00364124414639374	0	0	0.0286135083477328	0.0525242873893418	0.0133836860873339	0.0012399606022856	0.0151361473043614	0.00165262343493492	0	0.00240683008755773	0	0.0244637077952724	0.125661132572126	0	0	0.0786096812327526	0	0.12259007309235	0	0.00401002765753077	0	0	0.150555498652128	0
230629-MICU-220-01	0	0	0	0	0	0	0	0.00544736086926355	0.0176483214678674	0.0161240791713019	0.00800093573782739	0.233869999100736	0	0	0	0.00862182629444257	0.139670085337864	0.0984452162604571	0	0.00108173724423114	0.00535271803121097	0	0.00624275898441422	0.00242738441782706	0	0	0.00534621985185409	0	0	0.223292220819873	0	0.0105467547149008	0	0	0	0.00246322921363435	0.000921798184576383	0
230629-MICU-256-01	0.00162857325934698	0.000716546239328004	0	0.0270080613726468	0.000395770596545215	0	0	0.00606874242820663	0.00195168843274974	0.00270189791822067	0.00655809424955071	0.681760798331031	0.000175854718267874	0.00100183900104122	0.000112947339375301	0.000466996306531021	0.0113230682528164	0	0.00528993867960271	0.000837162040179879	0.0356297516029359	0.00619195770752514	0	0.00361483475570296	0.000891231192285892	0.00194194038849986	0	0.000144920924514915	0.00249705901504981	0	0.00189553969787042	0.00148716163076202	0	0.000516906293090417	0	0.107694703211695	0	0
230629-MICU-262-01	0	0	0	0	0	0	0.00186908192671881	0	0	0	0.00351475229861397	0	0	0	0	0	0	0	0	0	0	0	0	0.432530259365994	0	0	0	0	0	0.0461040208590641	0	0	0	0	0	0	0	0
230629-MICU-327-01	0	0.0195996583669324	0	0	0	0	0	0	0	0	0	0	0	0	0	0	0	0.402374888430642	0	0	0	0	0.246564433227663	0	0	0	0	0	0	0	0.00370871933766274	0	0	0.00226601212643501	0	0.014180850081561	0	0
230629-MICU-371-01	0	0	0	0.0130719974259011	0	0	0	0.000765390487997828	0.000496757934414183	0.00153376450713328	0.000391990091004585	0.00881610500927993	0	0	0	0	0.00499810316270366	0	0	0.000714555707460641	0.00236192390021879	0	0	0.0047274050875632	0	0	0	0	0	0.12970362290186	0	0	0	0	0	0	0	0
230629-MICU-409-01	0	0	0	0.496023850397615	0	0	0	0.0423553957644604	0	0	0	0	0	0	0	0	0.0886734911326509	0	0	0	0	0.261357373864263	0	0	0	0.111589888841011	0	0	0	0	0	0	0	0	0	0	0	0
230629-UC-034-02	0	0	0	0	0	0	0	0	0	0	0	0	0	0	0	0	0	0.999054154505203	0	0	0	0	0	0	0	0	0	0	0	0.000945845494797214	0	0	0	0	0	0	0	0
230629-UC-058-02	0	0.273982283644718	0	0	0	0	0	0	0	0	0	0	0	0	0	0	0.00768339913117824	0.30331611656182	0	0	0	0	0	0.222314585197733	0	0	0	0	0	0	0	0	0	0	0.067213076834997	0	0.051328784113581	0
EP-SM-80S-S11-Index-C2	0	0	0	0.0485028409565274	0	0	0	0	0	0	0	0	0	0	0	0	0.219259077852613	0	0	0	0	0	0	0	0	0.0834514656903818	0.648786615500478	0	0	0	0	0	0	0	0	0	0	0
EP-SM-80S-S31-Index-G4	0.00019509156207265	0.000833338129383174	0	0.0551577052769038	0	0	0.000306438221220677	0.0014583123628501	0.00142472043825481	0.464791258488568	0.00119650676871408	0	0.260808289829246	0.0016974492805984	0	0.00157024629340714	0.0346692152679761	0	0.00151363332957871	0.0171086255958015	0	0.0184034415983836	0.00099671703536936	0.00610703538228021	0.00179716796584805	0.01200347523729	0	0.0232387994715967	0.0078517012841629	0.058981781783804	0	0.0143089853347758	0.000292813524531677	0	0.000101597953758484	0	0	0.000345198134215243
EP-SM-80S-S55-Index-G7	0	0	0	0	0	0	0	0	0	0.605014592637689	0	0	0	0	0	0	0	0	0	0	0	0	0	0.014625517597141	0	0	0	0	0.0156231846340455	0.296588273839676	0	0.0184106572728498	0	0.000810379362106545	0	0	0	0
EP-SM-80S-S59-Index-C8	0	0.00020360903893045	0	0.00733616264619864	0	0	0	0	0.039211125975957	0.0312614933126694	0.0374237853626667	0.034747584521273	0.0229376259672354	0.00372617227164152	0	0	0.287899269555216	0.000166819866787253	0	0.00762318161852271	0	0	0	0.00086105691697223	0	0.0459866766110195	0.458072131092083	0	0	0	0	0	0.0223530164213967	0	0.000190288821430327	0	0	0
