feature	metadata	value	coef	stderr	N	N.not.0	pval	qval
Coprobacillaceae	day_collected	day_collected	0.030082590331361	0.0054454161218071	147	100	1.77197638907121e-07	8.08021233416472e-05
Lachnospiraceae	sofa_score_total	sofa_score_total	-0.0625449231629389	0.0150278223477617	147	113	5.75047815892652e-05	0.00874072680156831
Oscillospiraceae	sofa_score_total	sofa_score_total	-0.014741873955751	0.00352967522656973	147	98	5.43512420569042e-05	0.00874072680156831
Lactobacillaceae	sofa_score_total	sofa_score_total	0.0607624290330624	0.0166884889363907	147	96	0.000392941634396446	0.0447953463211948
Rikenellaceae	race_factor	White, Hispanic	0.0948426697625498	0.0265388521402789	147	83	0.000497038305853676	0.0453298934938552
Clostridiales	sofa_score_total	sofa_score_total	-0.000807024287448335	0.000272768099470496	147	55	0.00368183458889954	0.243314145441468
Prevotellaceae	sepsis_factor	Sepsis	-0.0245599099629305	0.00831437140194024	147	32	0.00373508556598745	0.243314145441468
Staphylococcaceae	day_collected	day_collected	0.0235978738675129	0.00811786354902362	147	39	0.00430338229339517	0.245292790723525
Clostridia	age	age	0.0171825918635727	0.00647618849537799	147	89	0.0089835453242767	0.441666464841005
Bifidobacteriaceae	sepsis_factor	Sepsis	-0.0520630493071842	0.0200869465596556	147	73	0.0106542348974804	0.441666464841005
Veillonellaceae	sepsis_factor	Sepsis	-0.0153352833977596	0.00584201345788166	147	69	0.00972002867755709	0.441666464841005
Enterobacteriaceae	day_collected	day_collected	-0.0339492758960234	0.0134844028744255	147	92	0.0130472760884045	0.458533675829908
Odoribacteraceae	race_factor	White, Hispanic	0.0119109972806304	0.00478464782838568	147	63	0.0140777882930235	0.458533675829908
Rikenellaceae	age	age	0.0116190340352106	0.00465852967112988	147	83	0.0139006317264041	0.458533675829908
Staphylococcaceae	sex_factor	Male	0.0395949508102668	0.016280250854397	147	39	0.0163952826677278	0.498416593098925
Acidaminococcaceae	race_factor	African American	0.0100603712402541	0.00427718478651038	147	64	0.0201931757854908	0.549032106562838
Odoribacteraceae	age	age	0.00197106100923801	0.000839878972783922	147	63	0.0204683022183514	0.549032106562838
Erysipelotrichaceae	sofa_score_total	sofa_score_total	-0.00668134755987726	0.00290198871231621	147	76	0.0229307474454486	0.550337938690765
Evtepia	sofa_score_total	sofa_score_total	-0.000635976180745225	0.000274940276032707	147	52	0.0223098923730203	0.550337938690765
Akkermansiaceae	sex_factor	Male	-0.0329795759924184	0.0158673529580459	147	40	0.0396649993207377	0.61100159360684
Christensenellaceae	cci_total_sc	cci_total_sc	0.00071918814783364	0.000352893522644297	147	52	0.0436128262558329	0.61100159360684
Christensenellaceae	sofa_score_total	sofa_score_total	-0.000638513398145803	0.000297380040918876	147	52	0.0336681254562285	0.61100159360684
Christensenellaceae	diet	diet	-0.000617129897993824	0.000288799455599732	147	52	0.0345100187843282	0.61100159360684
Clostridia	sofa_score_total	sofa_score_total	-0.0114104735000189	0.00563877900765762	147	89	0.045096291443195	0.61100159360684
Eggerthellaceae	sofa_score_total	sofa_score_total	-0.00495193807952229	0.00223417198504219	147	95	0.0284267034739287	0.61100159360684
Enterobacteriaceae	sofa_score_total	sofa_score_total	0.028865912084177	0.0142958618079716	147	92	0.0455571363654223	0.61100159360684
Erysipelotrichaceae	day_collected	day_collected	0.00564213590398801	0.00273726659221669	147	76	0.0413057128294125	0.61100159360684
Eubacteriaceae	ards_factor	Yes	0.00534260586212277	0.00241681208112836	147	67	0.0288399541761949	0.61100159360684
Intestinimonas	diet	diet	-0.000703548163270662	0.00034554091654515	147	40	0.0438058120213824	0.61100159360684
Lactobacillaceae	age	age	-0.0397579204444154	0.0191668799057958	147	96	0.0400552451346427	0.61100159360684
Staphylococcaceae	sofa_score_total	sofa_score_total	0.0179965335632443	0.00860637705307032	147	39	0.0384991897107448	0.61100159360684
Staphylococcaceae	race_factor	African American	-0.0385827007989414	0.0182615701006692	147	39	0.0365616485877659	0.61100159360684
Veillonellaceae	age	age	-0.00652701727383744	0.00311333902743695	147	69	0.0380093201196585	0.61100159360684
Veillonellaceae	race_factor	African American	0.012252776630375	0.00575187918056052	147	69	0.0350667140096376	0.61100159360684
Rikenellaceae	sofa_score_total	sofa_score_total	-0.00803391170141961	0.00405615422325415	147	83	0.0497721747353643	0.630447546647948
Desulfovibrionaceae	age	age	0.00189160160094316	0.000953007665661719	147	64	0.0492965331702335	0.630447546647948
Bifidobacteriaceae	cci_total_sc	cci_total_sc	-0.0217733587124779	0.0110605124872659	147	73	0.0511637713602176	0.630558911898898
Evtepia	race_factor	African American	0.00112873754134902	0.000583386144170554	147	52	0.0552203960094536	0.634797932809863
Lactobacillaceae	diet	diet	-0.0312969251943007	0.0162069603081619	147	96	0.0556840291938476	0.634797932809863
Coriobacteriaceae	race_factor	African American	0.0173425496647759	0.00888307063395759	147	52	0.0530838014621226	0.634797932809863
Acidaminococcaceae	sepsis_factor	Sepsis	-0.00816619175179678	0.00434421000515614	147	64	0.0624102413384213	0.694123659763905
Enterobacteriaceae	race_factor	Other	0.125762166002427	0.068159787254399	147	92	0.0673330807886305	0.71404383347943
Prevotellaceae	race_factor	African American	0.0151886962549508	0.00818609202307603	147	32	0.0658355663065925	0.71404383347943
Barnesiellaceae	sofa_score_total	sofa_score_total	-0.00113709501738931	0.000623920712096523	147	29	0.0707133806448394	0.715647793751248
Clostridiaceae	sofa_score_total	sofa_score_total	-0.00210018880190762	0.00116482404231576	147	94	0.0737392609345826	0.715647793751248
Oscillospiraceae	ards_factor	Yes	0.0154284995986842	0.00855776323006812	147	98	0.0737619436541857	0.715647793751248
Micrococcaceae	day_collected	day_collected	0.000963328595514975	0.000526002672289514	147	39	0.069364073534529	0.715647793751248
Coprobacillaceae	race_factor	African American	0.0217459329735513	0.012249756063916	147	100	0.0782393136446122	0.743273479623816
Evtepia	sepsis_factor	Sepsis	-0.00103067815761343	0.000592528041427661	147	52	0.0843579767989383	0.744850924027557
Odoribacteraceae	sex_factor	Male	0.00243995174320929	0.00138332117628116	147	63	0.0801454063445362	0.744850924027557
Coriobacteriaceae	sofa_score_total	sofa_score_total	-0.00726839911260595	0.0041864448042227	147	52	0.0849391404592828	0.744850924027557
Enterococcaceae	race_factor	Other	0.248374656698346	0.142901836720398	147	103	0.0846017824218846	0.744850924027557
Actinomycetaceae	day_collected	day_collected	0.0039883732726536	0.00234240758134796	147	64	0.0910549336305642	0.746501211250363
Eubacteriaceae	sex_factor	Male	-0.00320442428377257	0.0018856369807148	147	67	0.0916755873465358	0.746501211250363
Atopobiaceae	thirtyday_mortality_overall	Survivor	-0.00212467084904478	0.00124005609733588	147	30	0.0890660151975403	0.746501211250363
Peptoniphilaceae	diet	diet	-0.00144544640294215	0.000844446292059499	147	36	0.0893722098787829	0.746501211250363
Oscillospiraceae	thirtyday_mortality_overall	Survivor	0.0131150068504379	0.00794057263183002	147	98	0.101058175170578	0.78468358234524
Eubacteriales.Family.XIII..Incertae.Sedis	diet	diet	-0.000988464828427559	0.000599303934883589	147	57	0.101527042452564	0.78468358234524
Peptoniphilaceae	ards_factor	Yes	-0.00350025344272758	0.00210820577894993	147	36	0.0993020182166282	0.78468358234524
Christensenellaceae	sex_factor	Male	0.000922754285102167	0.000562538874998855	147	52	0.103389979451704	0.78576384383295
Akkermansiaceae	sepsis_factor	Sepsis	0.0290574050340002	0.0180773306954061	147	40	0.110431814445903	0.825523071923475
Bacteroidaceae	age	age	0.0284177166869559	0.0182279466497094	147	108	0.121460961595052	0.893325782053929
Actinomycetaceae	sofa_score_total	sofa_score_total	0.00346641080373488	0.00248336803585171	147	64	0.165175955250359	0.904054785009444
Akkermansiaceae	age	age	0.0130264674266947	0.00963381196768063	147	40	0.178707963181627	0.904054785009444
Akkermansiaceae	ards_factor	Yes	-0.025039809904646	0.0203371119238424	147	40	0.220491583887117	0.904054785009444
Bacteroidaceae	race_factor	Other	-0.0939016273023206	0.0756695632110651	147	108	0.216896297841951	0.904054785009444
Christensenellaceae	thirtyday_mortality_overall	Survivor	0.000823915115994372	0.000669004274500287	147	52	0.220373451057654	0.904054785009444
Christensenellaceae	race_factor	White, Hispanic	0.00249660493498504	0.00194571618854386	147	52	0.201765245747194	0.904054785009444
Clostridiaceae	sex_factor	Male	-0.00290718940692061	0.00220343908861952	147	94	0.18939488300383	0.904054785009444
Clostridiaceae	race_factor	African American	0.00341968772271475	0.00247159934691747	147	94	0.168891275354451	0.904054785009444
Coprobacillaceae	age	age	-0.00887376917703922	0.0066304667454186	147	100	0.183160550911838	0.904054785009444
Coprobacillaceae	cci_total_sc	cci_total_sc	0.00905603175455187	0.00685080434933421	147	100	0.188561273968772	0.904054785009444
Eggerthellaceae	age	age	0.00331198427021046	0.00256596665458547	147	95	0.199121906768098	0.904054785009444
Enterobacteriaceae	age	age	-0.020186016435314	0.01641892609137	147	92	0.2211635946523	0.904054785009444
Erysipelotrichaceae	thirtyday_mortality_overall	Survivor	-0.00950762777543836	0.00652849077258936	147	76	0.14775037208901	0.904054785009444
Erysipelotrichaceae	cci_total_sc	cci_total_sc	0.00459379351837304	0.00344371806594318	147	76	0.184584499869499	0.904054785009444
Erysipelotrichaceae	race_factor	African American	0.00758413237947804	0.00615762823015143	147	76	0.220332401940306	0.904054785009444
Eubacteriaceae	sepsis_factor	Sepsis	-0.00330596799231374	0.00214826526907147	147	67	0.126296869647503	0.904054785009444
Eubacteriaceae	sofa_score_total	sofa_score_total	-0.00137802449556067	0.000996821424091364	147	67	0.169250560646605	0.904054785009444
Eubacteriaceae	race_factor	African American	0.00268700221190513	0.00211512047423013	147	67	0.206254348597555	0.904054785009444
Intestinimonas	sex_factor	Male	-0.00100120269643867	0.000673062897766635	147	40	0.139333661882525	0.904054785009444
Intestinimonas	age	age	0.000558969531603897	0.000408647958903446	147	40	0.17375538126368	0.904054785009444
Intestinimonas	sofa_score_total	sofa_score_total	-0.000462692480201047	0.00035580736012107	147	40	0.195799862833047	0.904054785009444
Lachnospiraceae	sex_factor	Male	-0.0366389310891775	0.0284273761314689	147	113	0.199770995490539	0.904054785009444
Lachnospiraceae	day_collected	day_collected	-0.0182834737086244	0.0141748160121076	147	113	0.199426175777075	0.904054785009444
Lactobacillaceae	thirtyday_mortality_overall	Survivor	0.0508983217729162	0.0375434423873854	147	96	0.177576036466465	0.904054785009444
Peptostreptococcaceae	cci_total_sc	cci_total_sc	-0.00090269474701406	0.000615675328666001	147	58	0.145049932016991	0.904054785009444
Peptostreptococcaceae	ards_factor	Yes	-0.00157246541734824	0.00125789792458277	147	58	0.213553187048266	0.904054785009444
Rikenellaceae	sepsis_factor	Sepsis	0.0113516546439194	0.00874148070378531	147	83	0.196417177191228	0.904054785009444
Staphylococcaceae	race_factor	Other	-0.0598622517384273	0.0410334708636671	147	39	0.147052144845283	0.904054785009444
Streptococcaceae	sex_factor	Male	0.0222274617716733	0.0153311744667961	147	112	0.14955420732774	0.904054785009444
Streptococcaceae	race_factor	African American	-0.0217733942256926	0.0171969903753279	147	112	0.207770798241379	0.904054785009444
Streptococcaceae	race_factor	White, Hispanic	-0.0727306557531861	0.053027649599321	147	112	0.172599615192676	0.904054785009444
Sutterellaceae	sepsis_factor	Sepsis	-0.00912666088244108	0.00707715634040252	147	49	0.199516829024689	0.904054785009444
Sutterellaceae	day_collected	day_collected	-0.00473411336292955	0.00309748793850959	147	49	0.128887698412165	0.904054785009444
Sutterellaceae	race_factor	Other	0.0209085876193921	0.0156569127219046	147	49	0.184108142601454	0.904054785009444
Tannerellaceae	cci_total_sc	cci_total_sc	-0.0166658904649181	0.0130111687009532	147	97	0.202547853775457	0.904054785009444
Coriobacteriaceae	cci_total_sc	cci_total_sc	-0.00751298052398097	0.00496795026913418	147	52	0.132925226781767	0.904054785009444
Desulfovibrionaceae	cci_total_sc	cci_total_sc	-0.00135160712403169	0.000984677144391886	147	64	0.172264601278533	0.904054785009444
Enterococcaceae	thirtyday_mortality_overall	Survivor	-0.0860527155963083	0.06742749131363	147	103	0.204186466898808	0.904054785009444
Enterococcaceae	sofa_score_total	sofa_score_total	0.0371732473370146	0.0299722899990168	147	103	0.217150228465755	0.904054785009444
Eubacteriales.Family.XIII..Incertae.Sedis	age	age	0.00101860703729015	0.000708756381738028	147	57	0.153108236504357	0.904054785009444
Veillonellaceae	cci_total_sc	cci_total_sc	0.00482640983821816	0.00321679866124876	147	69	0.135979471853309	0.904054785009444
Veillonellaceae	day_collected	day_collected	-0.0031374919251463	0.00255689790532025	147	69	0.22204854368653	0.904054785009444
Clostridiales	sepsis_factor	Sepsis	-0.000853544246552694	0.000587846750121004	147	55	0.148952726393364	0.904054785009444
Micrococcaceae	sofa_score_total	sofa_score_total	0.000841303365337576	0.000557656248014987	147	39	0.133854804291608	0.904054785009444
Peptoniphilaceae	thirtyday_mortality_overall	Survivor	-0.00273577166788626	0.00195616081685664	147	36	0.164368793654566	0.904054785009444
Peptoniphilaceae	sex_factor	Male	0.00243783242117003	0.00164485721119395	147	36	0.140773128442575	0.904054785009444
Peptoniphilaceae	cci_total_sc	cci_total_sc	-0.00136251602995074	0.00103185660814337	147	36	0.189040707474217	0.904054785009444
Peptoniphilaceae	race_factor	African American	-0.00280009310941444	0.00184503761867386	147	36	0.13157249645249	0.904054785009444
Prevotellaceae	age	age	-0.00577914762932854	0.00443091361580881	147	32	0.194478912046008	0.904054785009444
Prevotellaceae	diet	diet	0.00476724864223664	0.0037466526348189	147	32	0.205536849080026	0.904054785009444
Actinomycetaceae	race_factor	African American	0.0063189261271053	0.00526937167554014	147	64	0.232673096888593	0.935511868869298
Coprobacillaceae	diet	diet	0.00670078869594163	0.00560653126099527	147	100	0.234228172675466	0.935511868869298
Eubacteriaceae	age	age	0.0013633154977267	0.00114485838687416	147	67	0.235929528333266	0.935511868869298
Bacteroidaceae	thirtyday_mortality_overall	Survivor	0.0404487516677137	0.0357042913738278	147	108	0.259381377000065	0.936493385808542
Bacteroidaceae	sofa_score_total	sofa_score_total	-0.0175166105420132	0.0158709653053552	147	108	0.271798633144381	0.936493385808542
Candidatus	diet	diet	0.00146091377531976	0.00126148998921427	147	45	0.248985244250887	0.936493385808542
Christensenellaceae	race_factor	African American	-0.000727202649340889	0.000631000295512566	147	52	0.251279858598655	0.936493385808542
Clostridia	race_factor	Other	-0.0311501186747704	0.0268845616094443	147	89	0.248751129571526	0.936493385808542
Clostridiaceae	age	age	0.00150068559450615	0.00133781090759906	147	94	0.264069896376314	0.936493385808542
Eubacteriaceae	day_collected	day_collected	-0.00104732198787393	0.000940240039870234	147	67	0.267414559631169	0.936493385808542
Odoribacteraceae	race_factor	African American	0.00171921411778587	0.00155167244401372	147	63	0.269950287100974	0.936493385808542
Oscillospiraceae	race_factor	White, Hispanic	0.0268461222692381	0.0230941733931378	147	98	0.2472102300047	0.936493385808542
Peptostreptococcaceae	diet	diet	-0.000576933315405401	0.000503853679185121	147	58	0.254328494954174	0.936493385808542
Streptococcaceae	sepsis_factor	Sepsis	-0.0205053472061207	0.0174664741824317	147	112	0.242581440382972	0.936493385808542
Tannerellaceae	race_factor	Other	-0.0575916342026685	0.0522759967929383	147	97	0.272666304919383	0.936493385808542
Bifidobacteriaceae	age	age	0.0124688506614288	0.0107047810000925	147	73	0.246269155430009	0.936493385808542
Bifidobacteriaceae	day_collected	day_collected	-0.00997768768172426	0.00879153599233349	147	73	0.258529743104044	0.936493385808542
Veillonellaceae	sofa_score_total	sofa_score_total	0.00301078824263665	0.0027107658716484	147	69	0.268788988674818	0.936493385808542
Clostridiales	race_factor	White, Hispanic	-0.00201955090894495	0.00178468368360628	147	55	0.259917553058155	0.936493385808542
Atopobiaceae	diet	diet	-0.000589157437767446	0.000535314256536302	147	30	0.273143904194158	0.936493385808542
Micrococcaceae	ards_factor	Yes	-0.00156454886803869	0.00135204794434254	147	39	0.24935793804536	0.936493385808542
Streptococcaceae	day_collected	day_collected	0.00830264570325433	0.00764462313761663	147	112	0.279486265348432	0.951087589543918
Acidaminococcaceae	thirtyday_mortality_overall	Survivor	-0.00478402546507239	0.00453479170351047	147	64	0.293430664741928	0.955103884320602
Coprobacillaceae	sex_factor	Male	0.0115154980497703	0.0109206985229827	147	100	0.293656254041007	0.955103884320602
Coprobacillaceae	sepsis_factor	Sepsis	0.0130721596788454	0.0124417147048264	147	100	0.295388917298652	0.955103884320602
Lactobacillaceae	sepsis_factor	Sepsis	0.037600848484969	0.0359656206306072	147	96	0.297777760644034	0.955103884320602
Peptostreptococcaceae	day_collected	day_collected	-0.000509778261905037	0.000489374413508474	147	58	0.299517226881241	0.955103884320602
Coriobacteriaceae	age	age	0.00507483835369619	0.00480816957728311	147	52	0.293202357591254	0.955103884320602
Coriobacteriaceae	race_factor	Other	0.0211508132148567	0.0199601248977512	147	52	0.29129782003927	0.955103884320602
Desulfovibrionaceae	thirtyday_mortality_overall	Survivor	0.00196740492370009	0.00186671949562788	147	64	0.293897113797729	0.955103884320602
Enterococcaceae	race_factor	African American	-0.0682893885617567	0.0635971526136389	147	103	0.284941125961347	0.955103884320602
Barnesiellaceae	day_collected	day_collected	0.000599796620513888	0.000588505845720799	147	29	0.310037406626453	0.955250387984206
Barnesiellaceae	diet	diet	-0.000622230183649369	0.000605918142435212	147	29	0.306394291300447	0.955250387984206
Clostridiaceae	sepsis_factor	Sepsis	-0.00259310363582652	0.00251033031013289	147	94	0.303564256440221	0.955250387984206
Intestinimonas	sepsis_factor	Sepsis	0.000784126636448592	0.000766805945131895	147	40	0.308431403309306	0.955250387984206
Desulfovibrionaceae	sepsis_factor	Sepsis	0.00183968979543306	0.00178826769561411	147	64	0.305534769189794	0.955250387984206
Actinomycetaceae	cci_total_sc	cci_total_sc	-0.00264803093214167	0.00294695128659636	147	64	0.370570939107438	0.973107952394217
Actinomycetaceae	ards_factor	Yes	-0.00487871714785848	0.00602097198744029	147	64	0.419278983725856	0.973107952394217
Actinomycetaceae	sepsis_factor	Sepsis	0.00481716493727177	0.00535194486475393	147	64	0.369769297341427	0.973107952394217
Bacteroidaceae	sex_factor	Male	-0.0275049017524542	0.0300223072820677	147	108	0.361311656973641	0.973107952394217
Barnesiellaceae	thirtyday_mortality_overall	Survivor	0.00107593695306351	0.00140361008106695	147	29	0.444760705640559	0.973107952394217
Barnesiellaceae	sex_factor	Male	0.00109145612169622	0.00118023944844035	147	29	0.356823034851564	0.973107952394217
Barnesiellaceae	age	age	0.000584165281198164	0.000716578559333546	147	29	0.416463784078996	0.973107952394217
Barnesiellaceae	race_factor	African American	-0.00110190912587154	0.00132387551125771	147	29	0.40676959157754	0.973107952394217
Candidatus	race_factor	African American	0.00272294522953864	0.00275623980774945	147	45	0.325055490451807	0.973107952394217
Christensenellaceae	age	age	0.000289249189802675	0.000341543656372851	147	52	0.398638235202895	0.973107952394217
Clostridiaceae	day_collected	day_collected	-0.00103441419352715	0.00109870652608324	147	94	0.348230545900061	0.973107952394217
Clostridiaceae	race_factor	Other	-0.00495697178720312	0.00555364622150864	147	94	0.37376689161288	0.973107952394217
Coprobacillaceae	thirtyday_mortality_overall	Survivor	-0.0105708880432597	0.0129875361812448	147	100	0.417199151949903	0.973107952394217
Eggerthellaceae	day_collected	day_collected	-0.00203386002240907	0.002107356348413	147	95	0.336302637689302	0.973107952394217
Eggerthellaceae	race_factor	Other	-0.0096855806060285	0.0106520816468231	147	95	0.36491840490311	0.973107952394217
Enterobacteriaceae	race_factor	African American	-0.0263015430598222	0.0303338885742426	147	92	0.387527300010544	0.973107952394217
Erysipelotrichaceae	sex_factor	Male	0.004398489713372	0.00548954617277449	147	76	0.42447275222657	0.973107952394217
Erysipelotrichaceae	race_factor	Other	-0.0106670175786801	0.0138360971799437	147	76	0.442153988823227	0.973107952394217
Evtepia	thirtyday_mortality_overall	Survivor	0.000552930961814605	0.000618522411019329	147	52	0.373023963345106	0.973107952394217
Evtepia	diet	diet	0.000208112796164744	0.000267007166302551	147	52	0.437166507304481	0.973107952394217
Lachnospiraceae	thirtyday_mortality_overall	Survivor	0.0288945080472265	0.0338075055609603	147	113	0.394326652772552	0.973107952394217
Lactobacillaceae	race_factor	White, Hispanic	0.0962477055155123	0.109190458732664	147	96	0.379717715905689	0.973107952394217
Odoribacteraceae	thirtyday_mortality_overall	Survivor	-0.00159142329028102	0.00164512680113129	147	63	0.33519032448205	0.973107952394217
Odoribacteraceae	sofa_score_total	sofa_score_total	-0.000652581498613846	0.000731277652601835	147	63	0.373860977409742	0.973107952394217
Odoribacteraceae	race_factor	Other	-0.00289352858019374	0.00348658443224764	147	63	0.408138481182144	0.973107952394217
Oscillospiraceae	sex_factor	Male	-0.00582327204987392	0.00667690919985959	147	98	0.384759115706009	0.973107952394217
Oscillospiraceae	age	age	0.00342747615824408	0.00405386379989154	147	98	0.39941847587156	0.973107952394217
Oscillospiraceae	cci_total_sc	cci_total_sc	0.003305054647873	0.00418857809234848	147	98	0.431533932824982	0.973107952394217
Oscillospiraceae	race_factor	African American	0.00728302144528416	0.00748949426513954	147	98	0.33266990455066	0.973107952394217
Oscillospiraceae	race_factor	Other	-0.0131698499236039	0.0168287799470727	147	98	0.435319771001125	0.973107952394217
Peptostreptococcaceae	sepsis_factor	Sepsis	-0.00107267027166705	0.00111812517179929	147	58	0.339192482332314	0.973107952394217
Peptostreptococcaceae	sofa_score_total	sofa_score_total	-0.000424761005735778	0.000518823788715399	147	58	0.414479243133335	0.973107952394217
Peptostreptococcaceae	race_factor	Other	-0.00224170709094395	0.00247364723696783	147	58	0.366513960474183	0.973107952394217
Rikenellaceae	ards_factor	Yes	0.0093671790313156	0.00983422134873975	147	83	0.342634399794886	0.973107952394217
Staphylococcaceae	cci_total_sc	cci_total_sc	-0.00892307547501584	0.0102129743007586	147	39	0.383917883879752	0.973107952394217
Streptococcaceae	age	age	-0.00747321830796666	0.00930827293294229	147	112	0.423545257062076	0.973107952394217
Streptococcaceae	race_factor	Other	-0.0302806999238797	0.0386413763777585	147	112	0.434702476601603	0.973107952394217
Sutterellaceae	cci_total_sc	cci_total_sc	-0.00339373974709167	0.00389690766811584	147	49	0.385449972224313	0.973107952394217
Sutterellaceae	race_factor	African American	0.00530965119875255	0.00696796549775386	147	49	0.447456551112092	0.973107952394217
Sutterellaceae	diet	diet	0.0028875341445645	0.00318913423131504	147	49	0.366939376349856	0.973107952394217
Tannerellaceae	age	age	0.010983507292933	0.0125926996293633	147	97	0.38472573503993	0.973107952394217
Tannerellaceae	race_factor	African American	-0.0227875588401861	0.0232649532180297	147	97	0.329190462304625	0.973107952394217
Bifidobacteriaceae	race_factor	African American	0.0165399700031231	0.0197770324478864	147	73	0.404532270359323	0.973107952394217
Bifidobacteriaceae	race_factor	White, Hispanic	-0.0489162746321874	0.0609833188175481	147	73	0.423967077101789	0.973107952394217
Coriobacteriaceae	day_collected	day_collected	-0.00386727544175774	0.0039488146367088	147	52	0.329253994964847	0.973107952394217
Enterococcaceae	ards_factor	Yes	-0.0564047977697176	0.0726683745132542	147	103	0.439065992000466	0.973107952394217
Enterococcaceae	sepsis_factor	Sepsis	0.0491466074419886	0.0645937457635586	147	103	0.448141820181547	0.973107952394217
Enterococcaceae	day_collected	day_collected	0.0225156592174126	0.0282710086908152	147	103	0.42726134119753	0.973107952394217
Enterococcaceae	race_factor	White, Hispanic	-0.195339926499839	0.196104518913315	147	103	0.321080365243159	0.973107952394217
Enterococcaceae	diet	diet	0.0240727875864138	0.0291074713960196	147	103	0.409758472843353	0.973107952394217
Clostridiales	thirtyday_mortality_overall	Survivor	0.000521340568639296	0.000613635750164088	147	55	0.397137730560418	0.973107952394217
Clostridiales	ards_factor	Yes	-0.000504530602837046	0.000661331329979819	147	55	0.446925903048065	0.973107952394217
Clostridiales	race_factor	Other	-0.00111417485868362	0.00130050331203738	147	55	0.393197486740641	0.973107952394217
Atopobiaceae	sex_factor	Male	0.000801883546665171	0.00104271346016713	147	30	0.44328901637788	0.973107952394217
Atopobiaceae	cci_total_sc	cci_total_sc	-0.000654083539274784	0.00065411803951816	147	30	0.319222633053386	0.973107952394217
Atopobiaceae	day_collected	day_collected	-0.000441763303431025	0.000519930906843546	147	30	0.3971018147629	0.973107952394217
Micrococcaceae	race_factor	African American	0.00106884908162208	0.0011832712652961	147	39	0.368063448869095	0.973107952394217
Micrococcaceae	diet	diet	0.00046305599719615	0.000541565669104374	147	39	0.394130989176905	0.973107952394217
Peptoniphilaceae	sepsis_factor	Sepsis	0.00159671798943341	0.00187395010573574	147	36	0.39577217057659	0.973107952394217
Prevotellaceae	cci_total_sc	cci_total_sc	0.00378509397819326	0.00457815768274256	147	32	0.40990469404932	0.973107952394217
Prevotellaceae	sofa_score_total	sofa_score_total	0.0032002255191311	0.00385797027053778	147	32	0.408360096594049	0.973107952394217
Gemmiger	sex_factor	Male	0.00316207255457661	0.00359325579912686	147	25	0.380507385890474	0.973107952394217
Erysipelotrichaceae	diet	diet	0.00211724929009685	0.00281825490938753	147	76	0.453873696943876	0.978663550920405
Oscillospiraceae	day_collected	day_collected	-0.00249498752257342	0.00332932448636328	147	98	0.454992703498083	0.978663550920405
Streptococcaceae	ards_factor	Yes	0.0146496940641513	0.0196498944644127	147	112	0.457314917935163	0.97904038769218
Lactobacillaceae	race_factor	African American	0.0257595988443269	0.0354107202957625	147	96	0.468277607935633	0.988442846086659
Odoribacteraceae	cci_total_sc	cci_total_sc	-0.000628292749221994	0.000867789062306681	147	63	0.470377407019309	0.988442846086659
Rikenellaceae	race_factor	Other	-0.0140770441388491	0.0193389256724539	147	83	0.467996668655293	0.988442846086659
Prevotellaceae	day_collected	day_collected	-0.0026526367807374	0.00363898491075784	147	32	0.467364129623644	0.988442846086659
Acidaminococcaceae	diet	diet	0.0013198677719513	0.00195760389753899	147	64	0.50138336870278	0.991113170138607
Akkermansiaceae	diet	diet	0.00550377347566197	0.00814607327556122	147	40	0.500491120262707	0.991113170138607
Christensenellaceae	race_factor	Other	-0.000966277341129241	0.00141784808743972	147	52	0.496780181679886	0.991113170138607
Clostridiaceae	cci_total_sc	cci_total_sc	-0.000941511784386476	0.00138226781556504	147	94	0.497016120492475	0.991113170138607
Clostridiaceae	ards_factor	Yes	-0.00196531896090323	0.00282413755344756	147	94	0.487752716995566	0.991113170138607
Coprobacillaceae	sofa_score_total	sofa_score_total	-0.00405515768723037	0.00577310816720694	147	100	0.483691510679632	0.991113170138607
Enterobacteriaceae	race_factor	White, Hispanic	-0.0628139359125825	0.0935358326772987	147	92	0.503080765150486	0.991113170138607
Enterobacteriaceae	diet	diet	0.00934926451644839	0.0138833698950141	147	92	0.501897659725412	0.991113170138607
Intestinimonas	thirtyday_mortality_overall	Survivor	-0.000571169976961961	0.00080044593471757	147	40	0.47679541892401	0.991113170138607
Tannerellaceae	sex_factor	Male	0.0143470325754644	0.0207407836466074	147	97	0.490359392650151	0.991113170138607
Desulfovibrionaceae	race_factor	African American	-0.00117913875358132	0.00176067717094946	147	64	0.504250560245958	0.991113170138607
Desulfovibrionaceae	race_factor	Other	-0.00282977609290144	0.00395621488164541	147	64	0.475742653510877	0.991113170138607
Eubacteriales.Family.XIII..Incertae.Sedis	thirtyday_mortality_overall	Survivor	-0.000961520365622645	0.00138828826158748	147	57	0.489818893697253	0.991113170138607
Eubacteriales.Family.XIII..Incertae.Sedis	cci_total_sc	cci_total_sc	-0.000511064382994446	0.000732309125294122	147	57	0.486517637206557	0.991113170138607
Atopobiaceae	ards_factor	Yes	0.000913919923754627	0.00133644095521069	147	30	0.495308494706711	0.991113170138607
Akkermansiaceae	day_collected	day_collected	-0.00517109211086823	0.0079119792041057	147	40	0.514556381126838	0.993088168607693
Barnesiellaceae	race_factor	Other	-0.00190675810385601	0.00297472818157761	147	29	0.522677983477733	0.993088168607693
Barnesiellaceae	race_factor	White, Hispanic	-0.00262865614521889	0.00408222631936884	147	29	0.520774850821348	0.993088168607693
Candidatus	thirtyday_mortality_overall	Survivor	0.00194114496839546	0.00292224302594722	147	45	0.507715301492357	0.993088168607693
Candidatus	sex_factor	Male	0.00161354174081939	0.00245719701195854	147	45	0.512578739467745	0.993088168607693
Lachnospiraceae	sepsis_factor	Sepsis	-0.020828052791472	0.0323866923796308	147	113	0.521306210707077	0.993088168607693
Bifidobacteriaceae	sex_factor	Male	-0.011374018589009	0.0176312906082123	147	73	0.520014307592931	0.993088168607693
Peptoniphilaceae	race_factor	Other	-0.00271679300831452	0.00414577152735892	147	36	0.513439950398732	0.993088168607693
Staphylococcaceae	age	age	0.00628171602779785	0.00988450158842674	147	39	0.526229298552556	0.995686971535127
Acidaminococcaceae	sex_factor	Male	-0.000833790428450828	0.00381312455014191	147	64	0.827260593578314	0.995802206352652
Acidaminococcaceae	age	age	0.00119494696341248	0.00231512622316671	147	64	0.606641784002521	0.995802206352652
Acidaminococcaceae	ards_factor	Yes	0.00130906232172154	0.00488726386567616	147	64	0.78924455903821	0.995802206352652
Acidaminococcaceae	sofa_score_total	sofa_score_total	-0.000683193185991008	0.00201576670546063	147	64	0.735221808100916	0.995802206352652
Acidaminococcaceae	day_collected	day_collected	-0.00104047097160408	0.00190134814692514	147	64	0.585174936109165	0.995802206352652
Acidaminococcaceae	race_factor	White, Hispanic	-0.00362686218795804	0.0131888807971898	147	64	0.783764282743665	0.995802206352652
Actinomycetaceae	thirtyday_mortality_overall	Survivor	-0.00134113886454186	0.00558673617102433	147	64	0.810669573451906	0.995802206352652
Actinomycetaceae	sex_factor	Male	0.00102305776169973	0.004697662481919	147	64	0.827947184402049	0.995802206352652
Actinomycetaceae	age	age	-0.00120931955672992	0.00285217056418268	147	64	0.67227771531218	0.995802206352652
Actinomycetaceae	race_factor	White, Hispanic	0.00693735291572982	0.016248331174274	147	64	0.670127308180745	0.995802206352652
Akkermansiaceae	cci_total_sc	cci_total_sc	-0.00304757437920301	0.00995395399192032	147	40	0.759974757096311	0.995802206352652
Akkermansiaceae	sofa_score_total	sofa_score_total	-0.00198932149098232	0.00838810308344919	147	40	0.812911916887508	0.995802206352652
Akkermansiaceae	race_factor	African American	0.00558876352564375	0.0177984222077977	147	40	0.754029699666559	0.995802206352652
Akkermansiaceae	race_factor	Other	-0.0210982494860464	0.0399927845774963	147	40	0.598723993220498	0.995802206352652
Bacteroidaceae	cci_total_sc	cci_total_sc	0.00611017923063532	0.018833681093951	147	108	0.746143372409732	0.995802206352652
Bacteroidaceae	sepsis_factor	Sepsis	-0.00681632794283976	0.0342037628085809	147	108	0.842355326655018	0.995802206352652
Bacteroidaceae	race_factor	African American	0.00928403147877704	0.0336760455301731	147	108	0.783233429158768	0.995802206352652
Bacteroidaceae	race_factor	White, Hispanic	0.0530388224433107	0.103841515479755	147	108	0.610393998352551	0.995802206352652
Bacteroidaceae	diet	diet	-0.00308424543909131	0.0154130254534438	147	108	0.841714922762538	0.995802206352652
Barnesiellaceae	cci_total_sc	cci_total_sc	-0.000330791691893209	0.000740391242338095	147	29	0.655789225179074	0.995802206352652
Candidatus	age	age	0.000322971709885808	0.00149187920904928	147	45	0.828953191549034	0.995802206352652
Candidatus	cci_total_sc	cci_total_sc	0.00035701157237164	0.00154145597383444	147	45	0.817213328287334	0.995802206352652
Candidatus	ards_factor	Yes	0.000543533832087227	0.00314937789455251	147	45	0.863250622777579	0.995802206352652
Candidatus	sofa_score_total	sofa_score_total	0.00081880610188197	0.00129897040086955	147	45	0.529589317751348	0.995802206352652
Candidatus	day_collected	day_collected	-0.000175056261034439	0.0012252384950666	147	45	0.886613367936791	0.995802206352652
Candidatus	race_factor	Other	-0.00160490631214681	0.00619322901706145	147	45	0.795944393111117	0.995802206352652
Candidatus	race_factor	White, Hispanic	-0.00179805681172621	0.00849898241187166	147	45	0.832785689463601	0.995802206352652
Christensenellaceae	ards_factor	Yes	0.000170848757647155	0.000721003439742797	147	52	0.813066874355509	0.995802206352652
Christensenellaceae	sepsis_factor	Sepsis	0.000320102398240283	0.000640888325813632	147	52	0.618308054038608	0.995802206352652
Christensenellaceae	day_collected	day_collected	-0.000107471562351248	0.000280500212748786	147	52	0.702249647298054	0.995802206352652
Clostridia	thirtyday_mortality_overall	Survivor	0.00618938425972523	0.0126853411124337	147	89	0.626443872309346	0.995802206352652
Clostridia	sex_factor	Male	0.00198414480507577	0.0106665948041893	147	89	0.852727600745573	0.995802206352652
Clostridia	cci_total_sc	cci_total_sc	-0.00315822362458967	0.00669139926565497	147	89	0.637742871147991	0.995802206352652
Clostridia	race_factor	African American	-0.00702229908480007	0.0119647277240527	147	89	0.558293388244482	0.995802206352652
Clostridia	race_factor	White, Hispanic	-0.0110047938964545	0.0368937456761387	147	89	0.765970489002712	0.995802206352652
Clostridia	diet	diet	0.00119668043756838	0.00547607802671248	147	89	0.827365204024	0.995802206352652
Clostridiaceae	thirtyday_mortality_overall	Survivor	-0.00146561110569729	0.00262045919740299	147	94	0.576937350109985	0.995802206352652
Clostridiaceae	diet	diet	-0.000583698129644115	0.00113121428139839	147	94	0.606749806526151	0.995802206352652
Coprobacillaceae	race_factor	Other	-0.0124673577965503	0.0275250159632937	147	100	0.651354153539272	0.995802206352652
Coprobacillaceae	race_factor	White, Hispanic	0.00672575275385387	0.0377726426576611	147	100	0.858958262394464	0.995802206352652
Eggerthellaceae	thirtyday_mortality_overall	Survivor	-0.000762855920506706	0.00502612953896847	147	95	0.879600993637403	0.995802206352652
Eggerthellaceae	sex_factor	Male	0.001100812224933	0.00422627083894458	147	95	0.794920635854122	0.995802206352652
Eggerthellaceae	ards_factor	Yes	0.00235678656279041	0.00541679152782093	147	95	0.664230519583343	0.995802206352652
Eggerthellaceae	sepsis_factor	Sepsis	0.0015206549147209	0.0048148986012952	147	95	0.752651366152536	0.995802206352652
Eggerthellaceae	race_factor	African American	-0.00287656347161064	0.0047406113013889	147	95	0.545063952614792	0.995802206352652
Eggerthellaceae	race_factor	White, Hispanic	-0.00602304243959633	0.0146178761219339	147	95	0.681004682610562	0.995802206352652
Eggerthellaceae	diet	diet	-0.000633911391740338	0.00216970732468347	147	95	0.770633894663433	0.995802206352652
Enterobacteriaceae	sex_factor	Male	-0.013791546660461	0.0270427631718204	147	92	0.610936522402972	0.995802206352652
Enterobacteriaceae	cci_total_sc	cci_total_sc	0.00469653222864369	0.0169645448196955	147	92	0.78234646441126	0.995802206352652
Enterobacteriaceae	ards_factor	Yes	0.00904588490964617	0.034660582821182	147	92	0.794523669073262	0.995802206352652
Enterobacteriaceae	sepsis_factor	Sepsis	0.00749171125598133	0.0308092328989669	147	92	0.808267231145563	0.995802206352652
Erysipelotrichaceae	age	age	0.00191809450048814	0.00333296018285102	147	76	0.565968411308194	0.995802206352652
Erysipelotrichaceae	ards_factor	Yes	0.00311117649496922	0.0070359256028401	147	76	0.659102006606871	0.995802206352652
Erysipelotrichaceae	sepsis_factor	Sepsis	-0.00163637805777184	0.00625412075948214	147	76	0.794013411401657	0.995802206352652
Erysipelotrichaceae	race_factor	White, Hispanic	0.00341699444017715	0.0189873079547579	147	76	0.857466970752727	0.995802206352652
Eubacteriaceae	thirtyday_mortality_overall	Survivor	0.00083614406014329	0.00224251026252467	147	67	0.709868797739945	0.995802206352652
Eubacteriaceae	cci_total_sc	cci_total_sc	0.000211388457752651	0.00118290327322562	147	67	0.85845339215252	0.995802206352652
Eubacteriaceae	race_factor	Other	-0.000764416462007456	0.00475264360479536	147	67	0.872472783549979	0.995802206352652
Eubacteriaceae	race_factor	White, Hispanic	-0.00301974159161484	0.00652206374021923	147	67	0.644147721802679	0.995802206352652
Eubacteriaceae	diet	diet	0.000229470269404698	0.000968059200335735	147	67	0.813003499452862	0.995802206352652
Evtepia	sex_factor	Male	-0.000146093151242534	0.000520090699743718	147	52	0.779241121838961	0.995802206352652
Evtepia	age	age	0.00017851458086515	0.00031577138422006	147	52	0.572839887631468	0.995802206352652
Evtepia	cci_total_sc	cci_total_sc	5.3725838951892e-05	0.000326264809925308	147	52	0.869463946329466	0.995802206352652
Evtepia	ards_factor	Yes	0.000129641415084115	0.000666597812452023	147	52	0.846106658054158	0.995802206352652
Evtepia	day_collected	day_collected	0.000125922741311138	0.000259334169442201	147	52	0.628108059987516	0.995802206352652
Evtepia	race_factor	Other	-0.000601866728700432	0.00131085981200556	147	52	0.64691318448212	0.995802206352652
Evtepia	race_factor	White, Hispanic	-0.00103116286609408	0.00179889593231137	147	52	0.567501527964135	0.995802206352652
Intestinimonas	cci_total_sc	cci_total_sc	-0.00018742705807981	0.00042222777395523	147	40	0.657864134497692	0.995802206352652
Intestinimonas	ards_factor	Yes	0.000202245260653077	0.000862661561752484	147	40	0.81501541018773	0.995802206352652
Intestinimonas	race_factor	African American	-0.000144205583767914	0.00075497517818685	147	40	0.84882270316062	0.995802206352652
Intestinimonas	race_factor	Other	-0.000810933048190259	0.00169641776726453	147	40	0.633446559987291	0.995802206352652
Lachnospiraceae	cci_total_sc	cci_total_sc	-0.00370705876613076	0.0178331442473	147	113	0.83565722075151	0.995802206352652
Lachnospiraceae	ards_factor	Yes	0.0175967758626678	0.0364352347625629	147	113	0.629948864583577	0.995802206352652
Lachnospiraceae	race_factor	African American	0.0119057267473192	0.0318870100126684	147	113	0.709489009055798	0.995802206352652
Lachnospiraceae	race_factor	White, Hispanic	-0.0514551410644602	0.0983249485414442	147	113	0.601658295759715	0.995802206352652
Lachnospiraceae	diet	diet	-0.00709948347999773	0.0145942104906327	147	113	0.627473706907304	0.995802206352652
Lactobacillaceae	sex_factor	Male	-0.00819523548913444	0.0315687756404238	147	96	0.795589866887018	0.995802206352652
Lactobacillaceae	cci_total_sc	cci_total_sc	0.00298694240946753	0.0198038161208669	147	96	0.880349929783841	0.995802206352652
Lactobacillaceae	ards_factor	Yes	0.0144298013813815	0.0404615517909949	147	96	0.72195605733121	0.995802206352652
Lactobacillaceae	day_collected	day_collected	-0.00293900087091006	0.0157412201661185	147	96	0.852185724280791	0.995802206352652
Odoribacteraceae	ards_factor	Yes	0.000387651018900667	0.00177299626869307	147	63	0.82727734710311	0.995802206352652
Odoribacteraceae	day_collected	day_collected	-0.000207577754866962	0.000689769012403911	147	63	0.763950005433464	0.995802206352652
Odoribacteraceae	diet	diet	-0.000151459104278797	0.000710177412415086	147	63	0.831456156788134	0.995802206352652
Oscillospiraceae	diet	diet	0.00100224083316479	0.00342783019575707	147	98	0.77046685664302	0.995802206352652
Peptostreptococcaceae	thirtyday_mortality_overall	Survivor	-0.000661952636888079	0.00116717763334266	147	58	0.571612622087517	0.995802206352652
Peptostreptococcaceae	sex_factor	Male	-0.000423779623719976	0.000981432881389045	147	58	0.666615532872948	0.995802206352652
Peptostreptococcaceae	age	age	0.0003313161122163	0.00059587379591293	147	58	0.579169703727864	0.995802206352652
Peptostreptococcaceae	race_factor	African American	-0.000390358192204299	0.00110087402969883	147	58	0.723480785817131	0.995802206352652
Peptostreptococcaceae	race_factor	White, Hispanic	0.000871223158047055	0.00339459178761965	147	58	0.797860767973271	0.995802206352652
Rikenellaceae	thirtyday_mortality_overall	Survivor	0.00225841807300675	0.00912497188783988	147	83	0.804918913022158	0.995802206352652
Rikenellaceae	sex_factor	Male	0.00129112809560311	0.00767282305335916	147	83	0.866634200019084	0.995802206352652
Rikenellaceae	cci_total_sc	cci_total_sc	0.00235449985685682	0.00481333766654224	147	83	0.625564469211174	0.995802206352652
Rikenellaceae	day_collected	day_collected	-0.0012240960377481	0.00382591958441169	147	83	0.749529263192266	0.995802206352652
Rikenellaceae	race_factor	African American	0.0044566872424273	0.00860661161256654	147	83	0.605476749180508	0.995802206352652
Rikenellaceae	diet	diet	0.00108518660149409	0.00393911820001366	147	83	0.78338425031201	0.995802206352652
Staphylococcaceae	thirtyday_mortality_overall	Survivor	0.00304236914346678	0.0193614306416613	147	39	0.875385611116149	0.995802206352652
Staphylococcaceae	ards_factor	Yes	0.00935181054597931	0.0208663212225461	147	39	0.654782966078234	0.995802206352652
Staphylococcaceae	race_factor	White, Hispanic	0.0343324646094838	0.0563103263592577	147	39	0.543140671743073	0.995802206352652
Staphylococcaceae	diet	diet	-0.00425303728128213	0.00835804918155476	147	39	0.611729689977431	0.995802206352652
Streptococcaceae	thirtyday_mortality_overall	Survivor	0.00453263608681813	0.0182327332513991	147	112	0.804069539334877	0.995802206352652
Streptococcaceae	sofa_score_total	sofa_score_total	-0.0039667708837889	0.00810465817189886	147	112	0.625365580501736	0.995802206352652
Streptococcaceae	diet	diet	-0.00165968817131915	0.00787080686596859	147	112	0.833326907650457	0.995802206352652
Sutterellaceae	thirtyday_mortality_overall	Survivor	-0.00287275744507332	0.00738763315282001	147	49	0.698025572019725	0.995802206352652
Sutterellaceae	sex_factor	Male	0.00250116727055819	0.00621196455851617	147	49	0.687886876090495	0.995802206352652
Sutterellaceae	age	age	0.00208749517345161	0.00377157416645827	147	49	0.58089949176098	0.995802206352652
Sutterellaceae	ards_factor	Yes	-0.00182401268648028	0.00796184586222529	147	49	0.819161347105231	0.995802206352652
Sutterellaceae	sofa_score_total	sofa_score_total	0.00111803534965908	0.00328388731285799	147	49	0.734067557342912	0.995802206352652
Sutterellaceae	race_factor	White, Hispanic	-0.00331926935018601	0.0214860173071421	147	49	0.877470587563371	0.995802206352652
Tannerellaceae	thirtyday_mortality_overall	Survivor	0.00954198615751429	0.0246661582563414	147	97	0.699513158359698	0.995802206352652
Tannerellaceae	ards_factor	Yes	-0.00620612615502132	0.0265833651979972	147	97	0.815777942037875	0.995802206352652
Tannerellaceae	sepsis_factor	Sepsis	0.0128122271890755	0.0236295244615121	147	97	0.588614737858854	0.995802206352652
Tannerellaceae	sofa_score_total	sofa_score_total	-0.00460302337125316	0.0109643890647206	147	97	0.675323867138813	0.995802206352652
Tannerellaceae	race_factor	White, Hispanic	0.0359223101133636	0.0717384705268091	147	97	0.617414180735789	0.995802206352652
Tannerellaceae	diet	diet	0.00469257721108007	0.0106480232603733	147	97	0.660174042647337	0.995802206352652
Bifidobacteriaceae	ards_factor	Yes	0.00556726872638546	0.0225979425433519	147	73	0.805796855656003	0.995802206352652
Bifidobacteriaceae	diet	diet	0.0051610997266309	0.00905165377091981	147	73	0.569553019330145	0.995802206352652
Coriobacteriaceae	thirtyday_mortality_overall	Survivor	0.00310555040542847	0.00941808152400026	147	52	0.742132851746226	0.995802206352652
Coriobacteriaceae	sex_factor	Male	0.00149488210268677	0.00791928719605861	147	52	0.85057618147003	0.995802206352652
Coriobacteriaceae	sepsis_factor	Sepsis	-0.00158335160533721	0.00902227195005797	147	52	0.860969064212704	0.995802206352652
Coriobacteriaceae	race_factor	White, Hispanic	0.0120734352876974	0.0273913252646419	147	52	0.660118802875618	0.995802206352652
Coriobacteriaceae	diet	diet	0.00238898633747696	0.00406564938461241	147	52	0.557834211723378	0.995802206352652
Desulfovibrionaceae	sex_factor	Male	0.000393657862836658	0.00156964958974786	147	64	0.802375926905362	0.995802206352652
Desulfovibrionaceae	sofa_score_total	sofa_score_total	-0.000342684003724667	0.000829778136183858	147	64	0.680310279941923	0.995802206352652
Desulfovibrionaceae	race_factor	White, Hispanic	-0.000826716896488867	0.00542912277328363	147	64	0.879210207965965	0.995802206352652
Desulfovibrionaceae	diet	diet	0.000209157227604249	0.000805835769132304	147	64	0.795625459882792	0.995802206352652
Enterococcaceae	sex_factor	Male	0.00840482046472312	0.0566970743735483	147	103	0.882385999366044	0.995802206352652
Enterococcaceae	age	age	-0.0196715652715344	0.0344234451125259	147	103	0.568691068795355	0.995802206352652
Enterococcaceae	cci_total_sc	cci_total_sc	0.0105274182785068	0.0355673735425803	147	103	0.767720995852344	0.995802206352652
Eubacteriales.Family.XIII..Incertae.Sedis	sex_factor	Male	-0.000256958283182011	0.00116735594466998	147	57	0.826128452562232	0.995802206352652
Eubacteriales.Family.XIII..Incertae.Sedis	ards_factor	Yes	-0.000214049644642179	0.00149619464345992	147	57	0.88646562923567	0.995802206352652
Eubacteriales.Family.XIII..Incertae.Sedis	sofa_score_total	sofa_score_total	-0.000184438740151108	0.000617109988342688	147	57	0.765520120338483	0.995802206352652
Eubacteriales.Family.XIII..Incertae.Sedis	day_collected	day_collected	-0.000265336538775071	0.000582081710946922	147	57	0.649276934082377	0.995802206352652
Eubacteriales.Family.XIII..Incertae.Sedis	race_factor	African American	0.000263057094672026	0.00130942407501456	147	57	0.841099344768666	0.995802206352652
Eubacteriales.Family.XIII..Incertae.Sedis	race_factor	Other	-0.00171136609636164	0.00294225602366608	147	57	0.561824750156023	0.995802206352652
Eubacteriales.Family.XIII..Incertae.Sedis	race_factor	White, Hispanic	0.00182410793870862	0.00403766470244731	147	57	0.65219710012417	0.995802206352652
Veillonellaceae	thirtyday_mortality_overall	Survivor	-0.00329359300980085	0.00609830420931644	147	69	0.590077930576296	0.995802206352652
Veillonellaceae	sex_factor	Male	-0.00206545722539645	0.00512781953728485	147	69	0.687771389655706	0.995802206352652
Veillonellaceae	ards_factor	Yes	-0.00324536303769335	0.006572302269368	147	69	0.622297974354835	0.995802206352652
Veillonellaceae	diet	diet	0.000960372449670322	0.00263254960074457	147	69	0.715857533513045	0.995802206352652
Clostridiales	cci_total_sc	cci_total_sc	7.31993815298832e-05	0.000323687141846188	147	55	0.821451395870885	0.995802206352652
Clostridiales	race_factor	African American	-0.00031297538255566	0.000578777078785987	147	55	0.589617689454165	0.995802206352652
Clostridiales	diet	diet	-8.15299023556725e-05	0.000264897665588601	147	55	0.758750853439233	0.995802206352652
Atopobiaceae	age	age	-0.000358821181319276	0.000633080100882617	147	30	0.571851872768621	0.995802206352652
Atopobiaceae	race_factor	African American	0.000390608451800764	0.00116961250278344	147	30	0.738953255677721	0.995802206352652
Atopobiaceae	race_factor	Other	0.00117409874886071	0.0026281015427576	147	30	0.655812070606863	0.995802206352652
Micrococcaceae	thirtyday_mortality_overall	Survivor	0.000617027056239968	0.00125453750181436	147	39	0.623677500855725	0.995802206352652
Micrococcaceae	sex_factor	Male	-0.000502105171564353	0.00105489029265421	147	39	0.634901039421631	0.995802206352652
Micrococcaceae	cci_total_sc	cci_total_sc	-0.000396426284450148	0.000661756845478055	147	39	0.550197461033984	0.995802206352652
Micrococcaceae	sepsis_factor	Sepsis	0.000301140136618079	0.0012018136054643	147	39	0.802547242220603	0.995802206352652
Micrococcaceae	race_factor	Other	-0.000815683368302394	0.00265879257482701	147	39	0.759503907735393	0.995802206352652
Micrococcaceae	race_factor	White, Hispanic	-0.00058047094660743	0.00364866716021935	147	39	0.873847746824013	0.995802206352652
Peptoniphilaceae	sofa_score_total	sofa_score_total	0.000361981910202631	0.000869535825006867	147	36	0.677892612314063	0.995802206352652
Peptoniphilaceae	race_factor	White, Hispanic	0.00271048908081452	0.00568925179378881	147	36	0.634585476483622	0.995802206352652
Prevotellaceae	ards_factor	Yes	0.00342464353661316	0.00935372066964641	147	32	0.714875234769345	0.995802206352652
Prevotellaceae	race_factor	White, Hispanic	-0.012200387784096	0.0252421621407808	147	32	0.629684557375129	0.995802206352652
Gemmiger	thirtyday_mortality_overall	Survivor	0.00227484826809843	0.00427331086939317	147	25	0.59541436813659	0.995802206352652
Gemmiger	age	age	0.000662436955995273	0.00218163362295492	147	25	0.761893183651751	0.995802206352652
Gemmiger	cci_total_sc	cci_total_sc	0.000596796751446185	0.00225413167528823	147	25	0.79162265772209	0.995802206352652
Gemmiger	ards_factor	Yes	-0.00198065155084791	0.00460545911791694	147	25	0.667870785033159	0.995802206352652
Gemmiger	sepsis_factor	Sepsis	-0.00187837955419802	0.00409371831116067	147	25	0.647124128481311	0.995802206352652
Gemmiger	sofa_score_total	sofa_score_total	-0.000978029233301918	0.00189953548824249	147	25	0.607526170617284	0.995802206352652
Gemmiger	race_factor	African American	0.00164381265352449	0.00403055783674667	147	25	0.684074327179109	0.995802206352652
Gemmiger	race_factor	Other	-0.00364851000764825	0.00905660228812465	147	25	0.68772593965486	0.995802206352652
Gemmiger	race_factor	White, Hispanic	-0.004408101163169	0.0124283961316531	147	25	0.723413162599696	0.995802206352652
Gemmiger	diet	diet	0.000414583375425693	0.00184472640867803	147	25	0.822540104347985	0.995802206352652
Actinomycetaceae	race_factor	Other	-0.00135765150483444	0.0118401981826407	147	64	0.908890653421045	0.995862576614627
Bacteroidaceae	day_collected	day_collected	0.00173104822736494	0.014970100652771	147	108	0.908124060168419	0.995862576614627
Candidatus	sepsis_factor	Sepsis	0.00034833874779683	0.00279943120231748	147	45	0.901168459242296	0.995862576614627
Clostridia	day_collected	day_collected	-0.000627848812316547	0.00531871172794285	147	89	0.906216822850605	0.995862576614627
Clostridiaceae	race_factor	White, Hispanic	-0.00085340420135107	0.0076212814718024	147	94	0.911017472623992	0.995862576614627
Intestinimonas	day_collected	day_collected	3.68629509389967e-05	0.000335611091797416	147	40	0.912709638347375	0.995862576614627
Lachnospiraceae	race_factor	Other	-0.00801535018768277	0.0716496275550996	147	113	0.911102758970676	0.995862576614627
Oscillospiraceae	sepsis_factor	Sepsis	-0.00088523073215283	0.00760685767488755	147	98	0.907539538767185	0.995862576614627
Staphylococcaceae	sepsis_factor	Sepsis	0.00231494957608543	0.0185477363034184	147	39	0.900869490883179	0.995862576614627
Tannerellaceae	day_collected	day_collected	0.00130556600028282	0.010342030540488	147	97	0.899740940563196	0.995862576614627
Veillonellaceae	race_factor	White, Hispanic	0.00192640333613549	0.0177361635418476	147	69	0.913678394743858	0.995862576614627
Peptoniphilaceae	age	age	-0.000112918794233064	0.000998669729489496	147	36	0.910152830461467	0.995862576614627
Peptoniphilaceae	day_collected	day_collected	8.76541212802791e-05	0.000820179401258654	147	36	0.91505793772265	0.995862576614627
Akkermansiaceae	race_factor	White, Hispanic	-0.00554242054439977	0.0548821901772958	147	40	0.919718320628145	0.996213045472049
Bifidobacteriaceae	thirtyday_mortality_overall	Survivor	-0.00196521304132432	0.0209681664789386	147	73	0.925475232795681	0.996213045472049
Atopobiaceae	sepsis_factor	Sepsis	0.000111331663847373	0.00118794080460877	147	30	0.92547955825886	0.996213045472049
Micrococcaceae	age	age	5.93585175278905e-05	0.00064047322529679	147	39	0.926303358070502	0.996213045472049
Prevotellaceae	thirtyday_mortality_overall	Survivor	-0.000871324528985253	0.00867912518240889	147	32	0.920189300781202	0.996213045472049
Akkermansiaceae	thirtyday_mortality_overall	Survivor	0.00166933002450335	0.0188703882090977	147	40	0.929646995145109	0.997456540673341
Acidaminococcaceae	cci_total_sc	cci_total_sc	-0.000177305249723021	0.0023920603794427	147	64	0.941028705213254	0.997466709977311
Acidaminococcaceae	race_factor	Other	-0.000418757635335519	0.00961076930123123	147	64	0.965313701905941	0.997466709977311
Actinomycetaceae	diet	diet	0.000129795863251513	0.00241171308804614	147	64	0.95716332038676	0.997466709977311
Bacteroidaceae	ards_factor	Yes	-0.000696379078628191	0.038479450543627	147	108	0.985589309176075	0.997466709977311
Barnesiellaceae	ards_factor	Yes	5.11882396535149e-05	0.00151270736986375	147	29	0.973058387402422	0.997466709977311
Barnesiellaceae	sepsis_factor	Sepsis	-7.32258007154037e-05	0.00134462117693053	147	29	0.956654928502973	0.997466709977311
Clostridia	ards_factor	Yes	0.000243089641197603	0.0136713245714419	147	89	0.985841259102182	0.997466709977311
Clostridia	sepsis_factor	Sepsis	-3.86588944667852e-05	0.0121522198553889	147	89	0.997466709977311	0.997466709977311
Coprobacillaceae	ards_factor	Yes	0.000390676232803578	0.0139970081169601	147	100	0.977776278358272	0.997466709977311
Eggerthellaceae	cci_total_sc	cci_total_sc	0.000163853011120829	0.00265123651055593	147	95	0.950816521644439	0.997466709977311
Enterobacteriaceae	thirtyday_mortality_overall	Survivor	0.00192265280355487	0.0321608424951674	147	92	0.952422168850334	0.997466709977311
Intestinimonas	race_factor	White, Hispanic	-2.82174707607017e-05	0.00232799800030789	147	40	0.990348015799833	0.997466709977311
Lachnospiraceae	age	age	0.000458842697806021	0.0172595893662424	147	113	0.978832301023147	0.997466709977311
Lactobacillaceae	race_factor	Other	0.00574231691175162	0.0795673510825002	147	96	0.942579854148062	0.997466709977311
Odoribacteraceae	sepsis_factor	Sepsis	4.85181691662231e-05	0.0015759877799222	147	63	0.975488253070909	0.997466709977311
Streptococcaceae	cci_total_sc	cci_total_sc	0.000717537309020295	0.00961759694185225	147	112	0.940644103208956	0.997466709977311
Bifidobacteriaceae	sofa_score_total	sofa_score_total	0.000658446348483135	0.00932058948376401	147	73	0.943791121083838	0.997466709977311
Bifidobacteriaceae	race_factor	Other	0.00064568023963164	0.0444386917579671	147	73	0.988430018378307	0.997466709977311
Coriobacteriaceae	ards_factor	Yes	0.000586796723194936	0.0101501132853813	147	52	0.953988660290198	0.997466709977311
Desulfovibrionaceae	ards_factor	Yes	0.000167279756777742	0.00201181252300364	147	64	0.933863132541117	0.997466709977311
Desulfovibrionaceae	day_collected	day_collected	3.71987074011275e-05	0.000782678430652842	147	64	0.962166931289814	0.997466709977311
Eubacteriales.Family.XIII..Incertae.Sedis	sepsis_factor	Sepsis	-5.82318112549666e-05	0.00132994328082598	147	57	0.965143868538615	0.997466709977311
Veillonellaceae	race_factor	Other	0.00104590316695128	0.0129243852234926	147	69	0.9356281608655	0.997466709977311
Clostridiales	sex_factor	Male	2.22802014231943e-05	0.000515981702529819	147	55	0.965625162463364	0.997466709977311
Clostridiales	age	age	-8.02904269326376e-06	0.000313276619867172	147	55	0.979592974488335	0.997466709977311
Clostridiales	day_collected	day_collected	-3.47148213530886e-06	0.00025728528954446	147	55	0.989255689828727	0.997466709977311
Atopobiaceae	sofa_score_total	sofa_score_total	3.24559221657157e-06	0.000551219098327729	147	30	0.995311229169964	0.997466709977311
Atopobiaceae	race_factor	White, Hispanic	0.000222327364200467	0.00360654978638392	147	30	0.950941339541106	0.997466709977311
Prevotellaceae	sex_factor	Male	-2.50607967513546e-05	0.0072979284321216	147	32	0.997265447581953	0.997466709977311
Prevotellaceae	race_factor	Other	0.0003542522735577	0.0183940245370182	147	32	0.984664403724358	0.997466709977311
Gemmiger	day_collected	day_collected	-8.85134625784913e-06	0.00179171442350175	147	25	0.996066034029043	0.997466709977311
